user_id,song_id,timestamp,duration_sec
U027,S0025,2025-03-31 23:11:05,78
U007,S0085,2025-03-28 21:36:17,250
U023,S0055,2025-04-11 00:21:44,240
U030,S0094,2025-03-21 13:40:11,57
U044,S0084,2025-03-30 02:20:49,80
U004,S0052,2025-03-31 04:24:28,203
U007,S0032,2025-03-24 10:31:56,128
U013,S0069,2025-04-08 01:33:48,259
U009,S0055,2025-03-30 05:26:48,123
U018,S0060,2025-03-31 07:50:43,157
U005,S0057,2025-03-23 14:51:43,80
U004,S0084,2025-03-29 20:01:45,37
U006,S0097,2025-03-29 09:20:53,151
U011,S0053,2025-03-29 01:35:36,278
U031,S0028,2025-04-01 04:42:53,235
U004,S0022,2025-04-11 23:52:57,224
U001,S0050,2025-04-10 14:14:21,165
U030,S0037,2025-04-06 14:51:33,246
U045,S0094,2025-04-06 16:55:42,279
U010,S0025,2025-03-24 08:23:50,181
U014,S0008,2025-04-05 14:34:41,61
U048,S0041,2025-03-21 07:03:16,59
U004,S0075,2025-03-22 03:07:04,274
U033,S0068,2025-03-15 19:54:13,110
U004,S0066,2025-04-07 03:04:01,71
U012,S0009,2025-03-19 13:05:56,64
U044,S0031,2025-04-09 07:30:42,236
U008,S0073,2025-03-22 15:28:22,156
U038,S0077,2025-03-14 02:19:44,50
U040,S0011,2025-03-13 17:28:02,244
U043,S0075,2025-03-25 05:05:01,297
U021,S0034,2025-03-15 17:56:12,134
U043,S0092,2025-04-01 07:39:52,190
U016,S0034,2025-03-22 03:07:29,232
U009,S0086,2025-04-03 09:35:44,183
U030,S0041,2025-03-29 10:19:39,67
U001,S0059,2025-03-18 05:33:35,81
U005,S0069,2025-03-18 11:12:21,139
U033,S0034,2025-03-31 04:21:51,97
U023,S0009,2025-04-06 17:53:50,155
U024,S0037,2025-03-25 04:00:34,110
U029,S0070,2025-03-19 01:28:56,184
U040,S0084,2025-03-23 10:32:29,300
U001,S0086,2025-04-09 15:59:27,183
U043,S0014,2025-03-21 11:31:22,98
U017,S0015,2025-04-02 21:43:25,84
U048,S0071,2025-03-26 14:56:37,109
U018,S0037,2025-03-28 23:33:09,137
U046,S0044,2025-03-20 06:06:23,134
U044,S0082,2025-04-09 23:44:06,165
U033,S0063,2025-04-08 02:32:29,158
U004,S0012,2025-03-26 21:46:06,246
U018,S0006,2025-03-17 19:34:45,31
U022,S0099,2025-04-02 15:45:10,96
U041,S0034,2025-04-09 15:16:56,112
U048,S0057,2025-04-03 12:26:05,248
U036,S0002,2025-03-18 06:28:45,87
U005,S0089,2025-04-05 03:18:52,106
U035,S0005,2025-03-14 17:02:14,219
U038,S0071,2025-03-18 01:58:06,105
U028,S0017,2025-04-11 10:56:26,51
U020,S0047,2025-03-15 06:42:42,50
U023,S0027,2025-04-11 23:07:57,157
U043,S0014,2025-04-06 15:43:25,211
U050,S0072,2025-04-02 15:28:53,238
U040,S0096,2025-03-14 10:44:04,109
U016,S0021,2025-03-28 16:30:57,120
U027,S0004,2025-04-05 07:18:37,121
U048,S0043,2025-03-24 11:02:17,240
U043,S0095,2025-03-13 21:41:17,157
U018,S0021,2025-03-15 04:08:35,85
U025,S0005,2025-04-04 12:59:11,270
U015,S0026,2025-03-31 15:36:24,265
U023,S0040,2025-03-29 20:17:50,146
U015,S0004,2025-04-06 12:59:10,128
U026,S0043,2025-03-25 05:41:58,172
U005,S0099,2025-03-25 05:13:12,172
U023,S0083,2025-04-06 09:24:06,290
U026,S0087,2025-03-21 06:46:16,199
U002,S0015,2025-03-29 11:30:49,163
U012,S0075,2025-03-22 05:33:20,165
U003,S0014,2025-03-14 15:33:51,252
U023,S0094,2025-03-19 22:43:14,190
U028,S0078,2025-03-22 06:14:27,291
U008,S0050,2025-03-20 14:18:07,127
U017,S0006,2025-03-26 17:35:08,253
U001,S0067,2025-03-24 07:41:15,130
U024,S0056,2025-04-04 08:50:55,65
U043,S0043,2025-04-02 16:24:53,190
U043,S0016,2025-03-26 15:54:11,183
U033,S0040,2025-04-02 18:56:57,239
U021,S0052,2025-03-17 13:12:46,181
U036,S0017,2025-04-03 06:55:33,128
U027,S0086,2025-03-24 04:14:28,224
U044,S0096,2025-04-10 02:00:42,119
U040,S0073,2025-03-14 15:46:39,184
U026,S0071,2025-03-24 09:41:38,30
U020,S0037,2025-03-18 21:10:18,137
U028,S0075,2025-03-31 02:20:15,194
U030,S0057,2025-04-10 15:38:07,256
U044,S0028,2025-03-29 07:25:21,291
U031,S0095,2025-04-02 12:27:04,116
U043,S0011,2025-03-24 10:11:44,175
U033,S0085,2025-04-02 21:10:45,201
U006,S0097,2025-04-07 12:51:53,150
U044,S0040,2025-03-22 04:46:49,145
U013,S0019,2025-03-31 05:51:33,42
U003,S0032,2025-04-10 01:53:24,273
U040,S0099,2025-03-24 19:59:11,67
U030,S0054,2025-04-07 02:05:32,129
U046,S0090,2025-04-09 11:48:14,226
U032,S0052,2025-03-18 11:18:34,154
U010,S0084,2025-03-18 05:09:27,32
U049,S0099,2025-03-13 23:41:13,84
U050,S0055,2025-03-14 03:08:51,142
U012,S0090,2025-03-20 22:12:39,295
U030,S0007,2025-03-14 23:50:59,157
U008,S0059,2025-03-30 08:36:54,98
U030,S0086,2025-04-03 07:24:39,192
U049,S0057,2025-04-05 05:47:44,288
U028,S0071,2025-04-07 19:12:13,258
U011,S0096,2025-03-30 15:30:04,273
U029,S0034,2025-03-16 03:51:08,156
U041,S0036,2025-03-13 23:03:42,296
U032,S0081,2025-03-20 18:04:09,152
U018,S0057,2025-03-19 21:50:31,69
U046,S0037,2025-03-28 20:54:16,150
U018,S0043,2025-03-27 18:51:31,193
U035,S0011,2025-04-02 04:20:51,100
U010,S0030,2025-03-14 18:55:36,226
U045,S0020,2025-04-07 15:07:26,139
U005,S0054,2025-03-25 01:31:56,238
U022,S0070,2025-03-26 15:28:06,268
U027,S0008,2025-04-11 10:51:42,135
U027,S0050,2025-03-28 19:12:27,40
U049,S0074,2025-04-10 04:05:47,224
U031,S0001,2025-04-04 09:32:40,210
U020,S0097,2025-03-13 12:24:13,229
U027,S0069,2025-04-11 21:53:28,142
U032,S0029,2025-03-23 11:53:04,169
U028,S0063,2025-04-05 04:31:11,44
U025,S0044,2025-04-10 12:55:51,237
U047,S0022,2025-03-14 23:46:55,269
U009,S0080,2025-03-20 14:57:22,43
U026,S0076,2025-03-27 02:40:28,43
U006,S0083,2025-03-19 09:27:49,249
U009,S0060,2025-03-24 13:36:30,123
U004,S0034,2025-03-19 17:04:27,224
U021,S0028,2025-03-27 01:50:25,262
U021,S0044,2025-04-08 04:59:16,224
U018,S0097,2025-03-25 14:43:50,245
U017,S0011,2025-04-12 01:47:05,270
U002,S0096,2025-03-14 07:05:53,56
U023,S0029,2025-03-18 09:11:26,65
U050,S0084,2025-03-26 23:06:15,50
U049,S0004,2025-04-05 09:40:48,156
U013,S0003,2025-03-20 22:10:48,108
U016,S0017,2025-03-29 02:38:03,272
U043,S0015,2025-04-09 03:57:26,141
U030,S0090,2025-03-26 10:00:17,161
U050,S0048,2025-04-07 10:26:15,115
U039,S0078,2025-04-03 20:39:21,88
U050,S0021,2025-03-30 01:44:04,189
U007,S0075,2025-03-30 21:06:32,43
U020,S0074,2025-03-13 09:23:04,222
U026,S0092,2025-03-21 02:59:12,131
U005,S0076,2025-04-01 23:27:13,154
U007,S0090,2025-03-29 13:31:06,184
U044,S0077,2025-04-10 20:28:19,91
U037,S0006,2025-04-08 09:21:57,207
U035,S0055,2025-03-16 16:23:28,219
U005,S0065,2025-03-22 11:01:46,204
U001,S0054,2025-04-04 13:00:44,280
U007,S0056,2025-03-17 01:06:48,215
U041,S0059,2025-04-06 20:25:36,108
U028,S0023,2025-03-15 11:32:23,297
U042,S0035,2025-03-24 16:57:09,277
U030,S0056,2025-03-25 03:34:22,167
U021,S0032,2025-04-10 14:14:46,74
U018,S0058,2025-03-23 14:04:15,154
U049,S0060,2025-04-04 15:59:18,224
U022,S0004,2025-03-27 18:54:48,283
U021,S0024,2025-04-05 08:10:53,279
U014,S0046,2025-03-26 20:55:15,162
U022,S0036,2025-03-27 17:57:24,171
U036,S0002,2025-03-14 21:46:40,294
U013,S0011,2025-03-26 22:12:15,153
U047,S0053,2025-03-24 09:15:10,280
U036,S0098,2025-04-05 16:36:42,153
U045,S0061,2025-03-29 20:20:31,281
U029,S0003,2025-03-30 12:40:53,77
U019,S0029,2025-04-02 09:08:16,237
U045,S0032,2025-04-02 23:25:33,186
U043,S0075,2025-03-22 06:18:57,218
U031,S0071,2025-03-25 21:48:58,206
U028,S0096,2025-03-25 15:09:37,199
U023,S0090,2025-03-29 11:45:28,262
U018,S0040,2025-03-19 02:51:51,158
U015,S0016,2025-04-01 01:16:54,128
U021,S0016,2025-03-24 00:04:45,124
U013,S0028,2025-04-01 08:03:34,277
U018,S0093,2025-03-31 03:52:16,298
U039,S0037,2025-03-25 08:59:38,81
U013,S0038,2025-03-26 12:43:27,146
U024,S0023,2025-03-25 08:32:20,184
U001,S0091,2025-04-07 22:26:14,94
U018,S0006,2025-03-26 22:42:12,57
U036,S0038,2025-03-28 19:32:51,94
U041,S0097,2025-03-24 21:15:22,281
U007,S0002,2025-04-05 02:11:59,175
U031,S0062,2025-04-04 04:10:13,255
U022,S0024,2025-03-19 10:14:14,56
U017,S0062,2025-04-06 04:03:49,88
U005,S0052,2025-04-03 03:58:24,281
U005,S0074,2025-04-11 05:10:09,57
U010,S0020,2025-04-06 02:15:19,185
U006,S0032,2025-04-06 07:17:23,90
U036,S0098,2025-03-21 08:48:27,243
U039,S0077,2025-03-31 04:31:41,145
U050,S0067,2025-03-29 02:14:05,224
U029,S0057,2025-03-15 17:56:06,182
U038,S0055,2025-04-02 12:45:41,186
U037,S0080,2025-04-07 17:02:36,60
U040,S0095,2025-03-17 11:39:49,80
U049,S0027,2025-03-18 10:42:44,138
U017,S0085,2025-03-23 08:23:47,71
U011,S0031,2025-03-28 06:27:00,118
U036,S0010,2025-03-31 00:18:20,110
U001,S0053,2025-03-30 14:28:44,260
U045,S0077,2025-03-24 23:50:04,270
U019,S0005,2025-04-07 23:48:20,148
U019,S0091,2025-04-03 06:22:20,174
U045,S0059,2025-03-27 23:01:50,66
U044,S0030,2025-03-23 04:31:13,165
U041,S0076,2025-03-25 23:53:28,131
U028,S0015,2025-03-28 08:42:10,145
U042,S0020,2025-03-31 16:21:49,166
U010,S0010,2025-04-07 08:14:15,60
U011,S0040,2025-03-19 15:55:38,177
U029,S0016,2025-04-10 18:54:29,269
U045,S0039,2025-04-01 19:52:53,236
U018,S0065,2025-04-08 13:35:45,282
U029,S0011,2025-04-10 03:11:09,50
U028,S0095,2025-03-21 07:19:45,195
U039,S0033,2025-03-16 17:19:32,43
U006,S0030,2025-04-11 01:31:11,40
U049,S0087,2025-03-30 13:57:02,167
U037,S0006,2025-04-05 20:49:12,119
U031,S0067,2025-03-29 16:28:01,256
U018,S0024,2025-03-30 11:32:42,253
U041,S0063,2025-03-21 15:52:50,76
U031,S0045,2025-03-25 00:58:36,239
U022,S0042,2025-03-17 15:39:20,83
U011,S0043,2025-04-11 19:50:06,240
U045,S0064,2025-03-23 15:14:19,177
U043,S0052,2025-03-23 00:58:39,48
U030,S0012,2025-04-08 17:52:15,191
U017,S0042,2025-03-27 20:15:16,89
U050,S0052,2025-03-15 12:17:39,293
U001,S0085,2025-04-03 02:22:51,266
U027,S0007,2025-04-11 01:28:00,126
U034,S0047,2025-03-29 00:11:25,285
U041,S0057,2025-03-16 15:35:06,56
U014,S0035,2025-04-09 18:07:10,97
U019,S0057,2025-03-23 18:57:01,278
U008,S0004,2025-04-01 10:17:17,152
U046,S0021,2025-04-10 21:29:11,189
U036,S0002,2025-04-10 02:53:28,238
U006,S0029,2025-04-04 19:05:06,88
U030,S0016,2025-03-28 14:58:23,108
U032,S0092,2025-04-03 18:19:21,179
U033,S0091,2025-03-15 17:12:51,169
U027,S0062,2025-04-09 19:00:20,271
U016,S0059,2025-04-02 09:48:52,104
U025,S0025,2025-03-24 00:20:51,290
U048,S0018,2025-03-28 23:08:53,65
U018,S0099,2025-04-10 02:26:10,242
U022,S0065,2025-04-06 14:55:05,166
U001,S0037,2025-03-21 14:44:51,182
U038,S0075,2025-03-26 02:55:19,280
U010,S0058,2025-03-30 14:51:18,277
U023,S0043,2025-03-24 23:39:45,223
U030,S0042,2025-03-16 12:38:08,126
U045,S0031,2025-04-02 21:16:07,226
U015,S0100,2025-04-06 21:29:27,240
U003,S0041,2025-03-23 04:46:37,272
U046,S0049,2025-03-14 02:08:27,227
U043,S0084,2025-03-13 21:24:17,107
U032,S0005,2025-03-18 11:53:17,94
U033,S0076,2025-03-20 00:02:23,199
U007,S0057,2025-04-11 18:33:23,81
U034,S0059,2025-03-29 16:37:21,37
U047,S0019,2025-04-01 11:56:30,239
U042,S0020,2025-04-04 21:43:47,68
U031,S0034,2025-03-16 21:24:53,203
U040,S0089,2025-03-18 09:52:23,233
U042,S0011,2025-04-03 03:07:39,198
U044,S0069,2025-03-20 14:18:20,224
U021,S0081,2025-03-28 22:42:55,279
U035,S0005,2025-03-19 17:51:48,65
U016,S0081,2025-04-10 19:18:40,177
U015,S0096,2025-04-04 19:03:42,76
U028,S0013,2025-04-02 14:52:21,81
U029,S0022,2025-03-20 05:18:31,183
U002,S0006,2025-04-08 14:40:06,196
U004,S0038,2025-03-23 16:55:05,213
U024,S0056,2025-03-21 14:59:33,104
U016,S0068,2025-03-29 21:27:35,240
U037,S0088,2025-04-02 15:54:35,122
U011,S0023,2025-03-31 10:28:21,70
U040,S0049,2025-03-21 15:32:03,153
U032,S0075,2025-04-08 12:44:48,103
U015,S0060,2025-04-06 19:24:46,160
U030,S0033,2025-04-06 20:31:21,34
U030,S0037,2025-04-06 03:40:22,110
U005,S0057,2025-03-30 06:52:01,206
U038,S0039,2025-03-15 11:57:54,247
U045,S0033,2025-04-11 04:15:43,263
U020,S0026,2025-03-13 18:24:53,226
U031,S0014,2025-03-15 11:25:48,151
U025,S0074,2025-04-01 00:46:13,213
U037,S0038,2025-03-30 12:18:43,181
U002,S0085,2025-03-13 16:46:21,232
U018,S0002,2025-03-30 03:13:14,55
U039,S0096,2025-03-23 06:32:20,284
U019,S0100,2025-03-14 13:27:05,147
U039,S0046,2025-03-20 16:03:34,142
U041,S0025,2025-04-03 04:08:42,158
U044,S0097,2025-04-01 17:08:57,100
U041,S0013,2025-03-22 00:12:30,50
U020,S0057,2025-03-23 18:20:53,47
U038,S0047,2025-04-08 13:34:51,97
U006,S0038,2025-03-21 16:59:38,197
U048,S0054,2025-03-17 12:35:37,119
U013,S0017,2025-04-03 05:11:55,217
U034,S0065,2025-03-25 09:12:03,169
U011,S0033,2025-03-19 03:33:09,276
U019,S0096,2025-03-21 19:29:51,203
U008,S0060,2025-03-17 18:46:23,68
U010,S0097,2025-03-29 20:35:27,145
U044,S0093,2025-03-18 03:30:58,233
U036,S0047,2025-04-06 22:41:07,76
U026,S0002,2025-04-09 07:59:59,165
U035,S0016,2025-03-18 09:10:51,262
U024,S0087,2025-03-28 07:48:43,164
U038,S0049,2025-04-01 04:36:18,220
U007,S0087,2025-04-05 01:40:35,149
U031,S0004,2025-03-26 04:42:56,197
U040,S0029,2025-03-21 04:20:52,62
U041,S0060,2025-04-09 10:04:05,184
U042,S0053,2025-03-22 16:33:29,89
U009,S0006,2025-03-17 12:50:00,49
U020,S0064,2025-04-05 05:20:20,89
U007,S0031,2025-03-25 07:00:08,99
U025,S0059,2025-03-20 15:09:38,219
U043,S0096,2025-03-27 18:35:35,244
U038,S0096,2025-04-02 18:10:27,109
U027,S0084,2025-03-21 18:14:39,80
U032,S0079,2025-04-07 03:21:22,238
U018,S0005,2025-03-17 10:37:25,219
U014,S0057,2025-04-07 07:51:36,257
U016,S0047,2025-03-21 07:55:54,80
U044,S0048,2025-04-09 21:38:48,213
U004,S0051,2025-04-02 19:04:35,171
U013,S0016,2025-04-07 16:25:48,262
U006,S0085,2025-04-08 05:22:54,138
U042,S0082,2025-03-19 19:23:18,40
U004,S0043,2025-04-11 19:11:13,154
U009,S0073,2025-03-15 16:41:36,135
U005,S0098,2025-04-09 05:23:54,136
U038,S0028,2025-04-07 02:21:29,149
U022,S0100,2025-04-03 21:17:30,105
U039,S0001,2025-04-01 21:23:01,171
U010,S0017,2025-03-29 16:21:03,158
U012,S0015,2025-04-01 11:25:52,43
U009,S0002,2025-04-03 15:57:36,213
U016,S0076,2025-03-17 00:00:12,195
U002,S0023,2025-03-14 13:37:14,165
U004,S0017,2025-03-30 21:15:44,245
U034,S0015,2025-03-26 05:41:01,62
U031,S0058,2025-04-02 05:10:23,215
U033,S0076,2025-03-29 04:12:26,85
U029,S0065,2025-04-03 02:26:39,143
U040,S0006,2025-04-06 13:06:56,296
U020,S0059,2025-03-30 01:55:45,45
U004,S0062,2025-03-25 17:53:18,235
U028,S0088,2025-03-21 18:27:25,85
U032,S0092,2025-03-20 00:28:04,257
U005,S0011,2025-03-31 09:33:20,194
U039,S0019,2025-03-18 22:14:17,63
U009,S0036,2025-03-16 10:18:44,196
U025,S0077,2025-03-15 05:13:53,180
U030,S0065,2025-03-28 15:10:25,250
U007,S0090,2025-03-23 13:31:52,88
U042,S0084,2025-03-22 17:20:17,140
U028,S0058,2025-03-15 09:24:35,146
U027,S0044,2025-04-10 22:54:24,262
U026,S0054,2025-04-10 09:14:46,78
U021,S0055,2025-03-27 21:25:03,190
U043,S0033,2025-03-23 16:25:45,221
U010,S0088,2025-03-18 20:53:20,272
U005,S0012,2025-03-21 23:01:17,73
U006,S0056,2025-03-27 02:51:51,79
U048,S0095,2025-03-28 18:40:39,220
U009,S0072,2025-03-28 02:16:37,60
U038,S0072,2025-04-12 02:26:33,198
U043,S0016,2025-03-24 03:27:22,240
U023,S0086,2025-03-18 02:37:28,246
U047,S0007,2025-04-10 23:16:33,177
U039,S0040,2025-03-18 20:26:23,210
U007,S0074,2025-03-26 10:51:28,289
U014,S0020,2025-04-04 09:56:54,276
U015,S0014,2025-04-10 03:33:41,209
U036,S0048,2025-04-10 04:30:28,88
U049,S0036,2025-03-13 12:36:58,145
U028,S0072,2025-04-01 01:54:16,43
U039,S0085,2025-03-28 22:10:40,166
U002,S0024,2025-04-05 17:29:31,169
U045,S0098,2025-03-14 21:34:14,188
U022,S0045,2025-04-05 15:05:27,33
U012,S0019,2025-04-09 21:10:28,235
U005,S0019,2025-04-07 00:58:51,45
U006,S0096,2025-03-26 00:05:30,140
U025,S0054,2025-03-24 12:27:35,262
U022,S0021,2025-04-10 02:09:43,219
U020,S0093,2025-03-19 06:56:49,196
U050,S0073,2025-03-22 14:31:19,73
U004,S0020,2025-03-18 18:02:53,110
U049,S0080,2025-03-17 00:01:22,55
U044,S0011,2025-03-23 21:36:17,169
U029,S0085,2025-03-31 22:33:15,247
U032,S0078,2025-04-05 15:47:55,256
U027,S0035,2025-04-02 01:38:34,140
U049,S0066,2025-04-08 19:20:15,88
U023,S0056,2025-04-09 17:34:09,86
U019,S0087,2025-04-06 17:18:30,279
U034,S0086,2025-03-19 18:41:18,187
U003,S0029,2025-04-06 08:51:43,232
U039,S0008,2025-04-04 16:39:21,33
U014,S0039,2025-03-15 10:37:20,138
U050,S0018,2025-04-03 21:48:20,160
U019,S0042,2025-03-19 02:09:16,91
U001,S0064,2025-03-31 21:39:39,250
U012,S0017,2025-04-07 08:48:06,224
U035,S0091,2025-03-27 15:04:08,147
U033,S0072,2025-03-28 18:46:38,211
U005,S0051,2025-04-05 02:36:15,51
U028,S0003,2025-03-17 00:33:46,265
U005,S0041,2025-03-23 22:22:26,249
U037,S0052,2025-03-31 06:37:00,243
U019,S0015,2025-03-25 16:04:27,237
U002,S0042,2025-04-01 19:22:21,117
U040,S0059,2025-03-20 03:17:40,215
U006,S0056,2025-04-07 11:57:55,84
U016,S0056,2025-03-25 13:39:42,235
U034,S0011,2025-03-26 17:02:23,232
U020,S0096,2025-03-25 05:48:54,203
U015,S0043,2025-03-13 17:12:13,116
U005,S0066,2025-03-30 22:07:57,88
U034,S0066,2025-03-17 12:05:23,129
U050,S0045,2025-04-02 16:23:41,209
U047,S0083,2025-03-20 02:33:12,105
U016,S0014,2025-03-20 00:25:33,104
U017,S0026,2025-03-27 12:53:28,118
U039,S0020,2025-04-09 04:04:39,68
U012,S0099,2025-03-16 03:18:51,282
U030,S0097,2025-04-09 17:31:22,259
U044,S0073,2025-04-09 00:31:19,195
U041,S0041,2025-03-19 18:41:43,107
U029,S0009,2025-04-02 15:06:31,270
U029,S0081,2025-03-19 17:47:07,185
U018,S0076,2025-03-27 22:05:25,58
U023,S0065,2025-03-15 10:51:18,67
U020,S0060,2025-03-29 07:38:26,261
U003,S0008,2025-03-28 10:32:33,218
U019,S0010,2025-03-24 12:38:04,76
U040,S0077,2025-04-04 20:40:19,289
U025,S0060,2025-03-28 18:50:54,51
U029,S0074,2025-03-24 12:03:49,126
U021,S0078,2025-03-25 07:53:17,273
U033,S0020,2025-04-02 23:44:29,61
U029,S0014,2025-03-22 06:39:06,205
U046,S0011,2025-04-09 17:15:44,288
U042,S0023,2025-03-17 05:12:26,50
U016,S0091,2025-03-28 05:40:34,254
U029,S0068,2025-04-07 14:14:16,297
U040,S0021,2025-03-24 06:56:14,216
U024,S0037,2025-04-08 22:33:26,228
U027,S0100,2025-03-13 21:50:28,203
U044,S0077,2025-04-04 22:38:05,56
U041,S0083,2025-04-10 18:40:41,201
U005,S0043,2025-03-31 07:09:31,78
U036,S0087,2025-04-11 04:29:25,227
U019,S0033,2025-03-17 23:56:15,106
U022,S0011,2025-03-26 20:19:07,102
U023,S0040,2025-03-30 03:45:12,230
U009,S0077,2025-03-25 15:56:57,73
U020,S0072,2025-04-12 01:57:03,222
U042,S0043,2025-04-10 19:20:24,95
U043,S0090,2025-04-09 03:29:13,299
U006,S0083,2025-03-24 16:20:59,246
U033,S0047,2025-03-29 00:27:45,39
U024,S0040,2025-04-09 14:45:17,122
U014,S0044,2025-03-28 07:32:43,278
U013,S0029,2025-04-11 23:57:44,100
U010,S0010,2025-04-06 23:22:30,181
U007,S0065,2025-04-02 04:40:14,299
U003,S0085,2025-03-23 20:56:19,202
U050,S0080,2025-03-19 14:32:39,97
U039,S0049,2025-04-04 12:42:07,108
U011,S0024,2025-03-24 21:22:45,114
U047,S0057,2025-04-03 14:04:53,52
U027,S0047,2025-03-28 21:58:46,151
U029,S0079,2025-03-28 15:33:45,175
U049,S0096,2025-03-31 19:16:17,259
U015,S0069,2025-04-07 20:25:51,152
U020,S0061,2025-04-06 10:27:20,129
U024,S0087,2025-03-23 07:07:54,255
U030,S0099,2025-04-04 19:22:06,174
U050,S0049,2025-04-08 21:24:14,287
U034,S0054,2025-03-15 23:58:32,112
U013,S0078,2025-04-02 14:44:59,100
U017,S0007,2025-03-26 22:18:54,276
U024,S0071,2025-03-18 22:09:37,82
U046,S0067,2025-04-12 02:31:16,93
U019,S0011,2025-03-13 08:23:12,112
U018,S0058,2025-04-11 05:17:49,292
U010,S0056,2025-03-14 21:55:11,76
U015,S0058,2025-03-22 04:04:07,208
U002,S0054,2025-04-02 14:25:26,57
U026,S0065,2025-03-29 22:08:05,221
U016,S0050,2025-03-19 00:03:25,71
U024,S0029,2025-03-13 05:06:40,44
U021,S0013,2025-03-15 10:16:16,201
U010,S0018,2025-03-23 17:03:31,49
U019,S0061,2025-04-02 02:30:31,101
U049,S0091,2025-04-03 16:16:37,270
U029,S0079,2025-03-23 12:14:21,32
U006,S0003,2025-04-08 18:29:53,161
U014,S0020,2025-03-27 19:15:35,300
U028,S0015,2025-03-24 20:38:50,177
U016,S0039,2025-03-23 03:38:18,92
U004,S0031,2025-03-24 18:34:47,244
U041,S0080,2025-03-22 20:36:51,264
U005,S0015,2025-04-08 18:40:09,285
U039,S0069,2025-03-29 00:21:48,38
U041,S0066,2025-03-21 12:22:37,153
U046,S0019,2025-04-02 16:30:18,179
U028,S0001,2025-04-07 04:05:58,210
U016,S0074,2025-03-22 21:39:38,243
U012,S0086,2025-03-24 13:19:04,73
U034,S0047,2025-03-22 16:43:24,64
U034,S0070,2025-03-17 16:31:19,289
U033,S0071,2025-04-04 20:47:25,40
U025,S0061,2025-03-24 23:24:03,52
U041,S0050,2025-03-16 20:43:19,221
U017,S0096,2025-03-26 05:54:25,38
U023,S0009,2025-04-04 19:04:58,206
U016,S0094,2025-04-09 08:42:01,83
U050,S0075,2025-04-05 08:40:21,200
U009,S0006,2025-04-03 19:36:57,210
U035,S0044,2025-03-14 13:56:12,119
U050,S0088,2025-03-17 13:37:11,267
U045,S0062,2025-04-08 04:29:37,123
U009,S0009,2025-03-14 21:43:15,264
U003,S0038,2025-04-02 07:02:26,133
U003,S0026,2025-03-14 23:08:01,51
U021,S0040,2025-03-25 01:48:29,293
U026,S0070,2025-03-21 06:00:26,272
U017,S0005,2025-03-18 02:49:00,127
U019,S0046,2025-04-07 23:30:05,54
U042,S0043,2025-04-09 12:30:52,169
U008,S0048,2025-03-21 19:47:50,253
U026,S0096,2025-03-28 04:13:11,255
U025,S0044,2025-03-14 08:48:57,125
U032,S0089,2025-04-04 10:56:38,284
U024,S0067,2025-03-29 13:51:08,166
U006,S0094,2025-03-20 20:41:53,247
U006,S0056,2025-04-10 14:59:23,122
U035,S0038,2025-04-10 01:42:06,194
U007,S0011,2025-04-11 22:38:27,197
U043,S0038,2025-04-10 08:49:54,186
U029,S0078,2025-03-25 01:47:54,248
U011,S0089,2025-03-29 03:39:58,257
U023,S0058,2025-04-07 23:24:35,51
U047,S0046,2025-04-09 19:41:50,252
U018,S0082,2025-03-19 07:52:54,59
U005,S0086,2025-03-14 02:44:37,237
U024,S0066,2025-04-08 18:22:23,111
U002,S0019,2025-03-17 23:47:55,254
U003,S0017,2025-03-26 13:39:41,64
U016,S0100,2025-03-16 17:08:20,217
U024,S0050,2025-04-03 05:31:04,46
U039,S0020,2025-04-07 08:19:01,260
U024,S0048,2025-03-21 07:48:34,257
U049,S0010,2025-04-01 14:49:35,100
U034,S0047,2025-03-23 17:02:50,233
U021,S0084,2025-04-03 06:08:38,172
U016,S0015,2025-03-28 02:26:16,43
U048,S0024,2025-03-18 09:09:11,285
U034,S0050,2025-04-01 23:53:01,90
U017,S0100,2025-03-21 15:46:04,163
U046,S0058,2025-03-28 22:09:28,139
U040,S0037,2025-04-06 15:09:31,281
U013,S0016,2025-04-09 07:50:03,99
U005,S0058,2025-03-21 04:43:14,118
U046,S0057,2025-04-02 08:16:31,74
U044,S0041,2025-04-10 20:16:14,207
U046,S0009,2025-04-11 08:01:50,178
U020,S0021,2025-03-24 09:15:24,119
U024,S0066,2025-03-16 02:03:59,144
U008,S0026,2025-04-08 14:41:43,101
U016,S0064,2025-03-30 20:28:43,43
U024,S0071,2025-04-02 16:01:41,218
U030,S0071,2025-04-08 15:21:19,96
U040,S0012,2025-03-30 15:06:27,63
U020,S0051,2025-03-27 11:57:43,275
U034,S0053,2025-03-20 03:02:25,239
U037,S0010,2025-03-22 17:30:17,94
U021,S0083,2025-04-11 02:35:17,67
U029,S0060,2025-03-15 12:29:59,294
U023,S0017,2025-04-01 01:00:49,123
U050,S0017,2025-03-29 09:38:01,251
U033,S0008,2025-04-02 05:24:32,93
U034,S0020,2025-04-06 00:54:38,185
U011,S0021,2025-04-03 03:08:02,195
U046,S0029,2025-03-23 05:30:24,207
U034,S0037,2025-04-05 05:29:11,70
U017,S0026,2025-03-27 23:11:31,170
U009,S0081,2025-03-31 23:10:57,185
U040,S0069,2025-04-01 05:00:38,77
U033,S0083,2025-04-10 03:58:24,116
U038,S0075,2025-04-11 13:10:55,108
U011,S0085,2025-03-22 21:17:02,202
U037,S0006,2025-03-31 03:04:00,44
U006,S0006,2025-03-16 02:17:18,165
U042,S0027,2025-03-13 03:45:02,243
U040,S0082,2025-04-04 15:19:52,45
U032,S0081,2025-04-01 08:32:21,178
U042,S0039,2025-03-20 06:29:16,277
U016,S0088,2025-03-19 04:39:40,237
U020,S0059,2025-04-11 17:55:57,67
U045,S0008,2025-03-13 19:13:52,110
U029,S0054,2025-03-20 10:08:04,277
U030,S0027,2025-04-10 17:15:52,204
U039,S0019,2025-04-02 03:39:58,190
U046,S0041,2025-03-19 18:02:03,206
U026,S0017,2025-04-10 16:46:41,219
U033,S0072,2025-04-07 01:38:00,84
U021,S0031,2025-03-29 09:09:32,268
U008,S0035,2025-03-22 23:55:14,260
U016,S0019,2025-04-06 17:08:33,79
U004,S0038,2025-03-27 00:03:09,226
U040,S0054,2025-03-23 06:33:20,157
U011,S0042,2025-03-21 15:32:34,190
U013,S0098,2025-03-27 10:17:48,111
U032,S0066,2025-03-17 09:20:45,269
U032,S0040,2025-03-14 19:54:27,284
U002,S0012,2025-04-11 15:19:47,231
U033,S0059,2025-04-04 03:01:18,153
U014,S0075,2025-03-19 17:00:11,210
U004,S0007,2025-03-16 00:29:08,174
U032,S0077,2025-04-10 14:07:06,270
U019,S0069,2025-03-27 07:25:52,34
U007,S0056,2025-03-27 08:36:57,98
U017,S0094,2025-03-16 05:14:39,217
U049,S0052,2025-03-14 09:39:12,217
U003,S0052,2025-03-31 19:35:20,56
U037,S0072,2025-03-13 15:05:18,129
U024,S0071,2025-03-27 11:36:05,177
U005,S0050,2025-04-04 02:33:24,288
U029,S0098,2025-04-06 14:31:05,173
U040,S0088,2025-03-25 07:48:46,90
U009,S0013,2025-03-28 09:25:56,231
U024,S0044,2025-03-14 09:20:15,217
U049,S0019,2025-03-21 01:18:47,131
U039,S0066,2025-04-02 19:45:07,235
U033,S0006,2025-03-27 08:47:56,53
U003,S0018,2025-04-10 21:16:36,200
U031,S0067,2025-03-18 17:48:14,263
U010,S0078,2025-03-29 20:54:04,293
U009,S0042,2025-03-21 05:42:48,193
U011,S0051,2025-04-06 03:28:18,183
U038,S0044,2025-03-14 05:27:01,289
U033,S0069,2025-04-06 20:15:51,280
U046,S0073,2025-03-28 03:06:41,183
U031,S0003,2025-04-12 00:41:21,218
U022,S0087,2025-03-30 16:43:04,86
U027,S0075,2025-03-13 14:17:21,187
U047,S0089,2025-04-10 01:37:06,43
U039,S0061,2025-03-30 05:46:29,165
U042,S0100,2025-04-03 00:14:00,146
U047,S0007,2025-03-17 04:22:42,275
U011,S0068,2025-03-21 04:46:30,224
U010,S0088,2025-03-16 17:32:11,154
U003,S0074,2025-03-13 21:03:29,86
U013,S0003,2025-04-05 03:59:43,255
U021,S0054,2025-04-03 13:02:06,107
U027,S0089,2025-03-29 07:36:56,134
U027,S0065,2025-04-06 11:54:45,271
U048,S0094,2025-03-20 06:22:35,61
U046,S0018,2025-03-21 14:15:26,295
U014,S0072,2025-03-30 11:01:30,196
U043,S0062,2025-04-10 14:03:10,299
U025,S0041,2025-03-15 13:20:38,118
U030,S0069,2025-03-13 13:33:12,205
U035,S0046,2025-04-05 19:27:13,165
U040,S0062,2025-04-11 02:25:35,128
U016,S0036,2025-03-23 01:35:02,182
U015,S0039,2025-03-29 02:29:00,177
U046,S0027,2025-03-23 12:52:08,280
U021,S0062,2025-03-20 23:02:30,208
U036,S0093,2025-03-17 22:39:41,170
U019,S0016,2025-03-28 12:33:00,224
U026,S0045,2025-04-02 22:10:01,104
U019,S0006,2025-03-24 19:31:38,177
U046,S0011,2025-03-27 00:33:26,207
U029,S0084,2025-03-26 15:59:31,161
U048,S0062,2025-03-25 20:58:43,139
U013,S0069,2025-03-19 08:31:21,168
U036,S0090,2025-03-29 16:57:41,169
U009,S0014,2025-03-21 07:17:59,152
U016,S0007,2025-03-28 06:51:34,145
U041,S0030,2025-03-31 02:45:56,56
U007,S0053,2025-03-14 09:30:10,199
U046,S0061,2025-04-06 14:35:07,81
U044,S0099,2025-04-12 01:43:01,100
U001,S0071,2025-03-28 05:27:11,110
U027,S0084,2025-03-29 07:15:15,273
U031,S0084,2025-04-11 17:04:58,132
U049,S0037,2025-04-09 02:45:37,194
U019,S0083,2025-03-23 07:48:51,60
U050,S0012,2025-04-09 14:49:38,148
U035,S0095,2025-04-02 23:56:59,49
U012,S0054,2025-03-20 22:11:30,120
U003,S0051,2025-03-30 13:48:16,283
U012,S0096,2025-03-28 19:31:22,178
U003,S0002,2025-03-26 15:32:14,182
U037,S0078,2025-03-25 11:14:36,84
U022,S0037,2025-03-14 15:48:55,262
U042,S0070,2025-04-06 20:37:06,298
U032,S0018,2025-03-25 16:24:48,288
U030,S0035,2025-03-26 07:36:08,128
U008,S0043,2025-03-30 16:52:10,113
U047,S0059,2025-03-23 10:27:58,161
U046,S0024,2025-04-04 22:12:12,37
U048,S0044,2025-03-17 12:10:04,181
U037,S0087,2025-04-04 19:45:58,128
U012,S0079,2025-03-19 02:55:52,237
U028,S0066,2025-03-17 22:43:57,197
U006,S0052,2025-03-27 20:41:06,78
U012,S0018,2025-03-18 04:16:49,274
U021,S0032,2025-03-24 03:31:51,33
U017,S0050,2025-03-26 13:31:51,150
U029,S0097,2025-03-14 13:14:09,166
U022,S0039,2025-03-22 14:37:36,35
U017,S0084,2025-04-08 04:50:21,214
U045,S0031,2025-04-07 23:17:01,61
U043,S0016,2025-04-05 15:56:49,268
U020,S0021,2025-04-05 20:54:43,237
U044,S0065,2025-03-29 12:32:21,189
U045,S0016,2025-03-23 11:12:15,181
U024,S0079,2025-03-24 23:38:07,143
U015,S0018,2025-03-21 03:57:01,274
U010,S0059,2025-04-02 04:54:25,221
U027,S0090,2025-03-24 17:30:55,271
U049,S0069,2025-03-20 04:52:46,141
U049,S0032,2025-04-10 12:50:41,71
U034,S0058,2025-03-24 14:01:59,300
U046,S0047,2025-03-29 09:11:20,69
U037,S0015,2025-03-19 11:33:21,61
U036,S0065,2025-04-08 03:14:49,133
U037,S0069,2025-04-09 23:44:00,106
U011,S0042,2025-04-04 12:03:40,296
U029,S0015,2025-03-14 03:22:08,135
U046,S0075,2025-04-05 04:13:25,280
U006,S0066,2025-04-11 00:43:38,258
U004,S0059,2025-04-10 07:19:42,97
U033,S0054,2025-04-09 01:21:20,263
U037,S0008,2025-03-28 03:29:10,266
U044,S0040,2025-04-09 04:55:41,41
U026,S0033,2025-03-13 07:26:32,31
U048,S0028,2025-03-24 13:48:51,67
U003,S0055,2025-04-03 09:37:51,206
U045,S0009,2025-03-23 07:22:05,60
U005,S0061,2025-04-02 16:08:38,46
U019,S0053,2025-03-15 12:38:46,122
U050,S0018,2025-03-14 15:56:33,245
U024,S0049,2025-04-09 00:51:35,259
U025,S0049,2025-03-16 17:28:26,71
U044,S0085,2025-04-03 06:07:48,98
U042,S0045,2025-03-25 02:44:51,90
U012,S0069,2025-03-31 01:01:46,231
U034,S0017,2025-04-01 22:50:25,144
U001,S0097,2025-03-22 16:50:30,41
U020,S0060,2025-03-21 15:49:46,247
U035,S0049,2025-03-13 20:25:31,147
U016,S0059,2025-03-22 18:36:28,207
U010,S0036,2025-03-23 09:21:26,126
U047,S0098,2025-04-09 23:54:49,87
U003,S0085,2025-04-10 13:46:14,244
U040,S0099,2025-04-10 23:47:15,38
U016,S0027,2025-03-23 06:40:01,64
U007,S0077,2025-03-26 03:29:03,47
U029,S0077,2025-03-21 01:40:53,54
U016,S0095,2025-04-11 08:07:12,52
U026,S0057,2025-03-29 06:06:48,149
U035,S0028,2025-03-30 17:28:23,58
U009,S0065,2025-03-25 04:37:38,178
U015,S0094,2025-03-22 13:25:13,193
U037,S0077,2025-04-06 20:25:26,194
U016,S0039,2025-04-03 22:03:30,103
U043,S0067,2025-03-25 17:52:05,143
U027,S0039,2025-03-24 14:54:15,170
U004,S0072,2025-03-27 10:28:49,119
U041,S0087,2025-03-15 03:29:38,248
U036,S0064,2025-03-27 05:54:45,54
U023,S0083,2025-03-18 00:38:35,225
U034,S0041,2025-03-16 04:20:50,243
U027,S0020,2025-04-05 03:29:35,183
U025,S0024,2025-03-25 22:29:55,272
U016,S0029,2025-04-10 15:06:42,183
U046,S0019,2025-03-15 01:59:29,267
U004,S0072,2025-03-14 01:12:27,241
U027,S0072,2025-04-08 05:31:16,98
U025,S0032,2025-04-03 05:32:22,160
U014,S0043,2025-04-09 15:07:17,70
U029,S0048,2025-04-02 22:26:10,77
U035,S0093,2025-03-24 07:22:55,127
U004,S0035,2025-03-23 07:25:19,223
U044,S0078,2025-04-01 17:00:29,50
U005,S0025,2025-04-08 16:47:11,141
U031,S0027,2025-03-18 02:47:56,200
U020,S0002,2025-04-11 04:06:24,138
U013,S0095,2025-04-05 16:13:07,90
U048,S0097,2025-03-24 22:37:18,275
U016,S0090,2025-04-09 19:59:02,134
U026,S0031,2025-04-09 17:56:00,194
U050,S0037,2025-04-02 18:05:27,224
U030,S0069,2025-04-06 21:49:54,213
U020,S0034,2025-03-24 17:01:37,214
U033,S0064,2025-03-15 09:06:50,268
U007,S0093,2025-03-21 21:45:18,270
U049,S0041,2025-03-16 03:27:15,134
U024,S0041,2025-03-15 00:40:57,241
U003,S0073,2025-03-22 02:11:06,143
U048,S0019,2025-03-17 23:55:29,38
U017,S0071,2025-03-31 00:52:32,243
U019,S0020,2025-04-02 02:38:02,130
U022,S0030,2025-03-19 19:18:28,224
U037,S0032,2025-04-11 16:12:04,285
U036,S0084,2025-03-14 13:40:57,202
U017,S0098,2025-03-14 00:37:11,280
U047,S0083,2025-03-14 00:58:01,281
U030,S0022,2025-03-19 01:09:28,210
U011,S0018,2025-04-03 19:48:55,280
U012,S0070,2025-03-15 17:12:31,60
U034,S0005,2025-04-08 16:05:27,68
U043,S0007,2025-04-09 22:34:20,33
U027,S0018,2025-04-03 08:00:54,148
U005,S0091,2025-04-07 19:01:54,107
U001,S0028,2025-03-15 01:03:17,288
U030,S0048,2025-04-12 00:09:21,60
U040,S0082,2025-03-15 07:10:49,277
U043,S0063,2025-03-18 03:56:51,38
U001,S0069,2025-03-27 01:17:59,240
U001,S0003,2025-03-23 18:10:06,170
U035,S0037,2025-03-13 12:28:01,38
U033,S0090,2025-03-21 04:42:11,250
U012,S0014,2025-04-11 08:35:45,79
U034,S0020,2025-04-07 05:29:01,153
U013,S0080,2025-03-14 23:44:42,299
U017,S0046,2025-03-13 21:31:29,166
U026,S0011,2025-04-02 19:42:12,221
U026,S0059,2025-03-13 03:43:51,154
U045,S0029,2025-03-20 12:02:00,183
U044,S0011,2025-04-08 23:19:22,46
U006,S0052,2025-03-31 08:57:46,224
U025,S0071,2025-04-01 23:01:41,273
U004,S0082,2025-03-23 03:51:06,34
U045,S0022,2025-03-23 09:09:35,72
U032,S0056,2025-04-05 20:25:51,199
U037,S0013,2025-03-16 17:05:09,300
U003,S0030,2025-03-23 22:12:07,138
U045,S0073,2025-04-11 07:04:42,273
U018,S0006,2025-03-22 16:57:31,68
U044,S0036,2025-03-25 03:21:30,46
U012,S0041,2025-04-10 04:45:24,38
U014,S0076,2025-03-27 10:50:17,103
U049,S0092,2025-03-16 13:41:58,233
U005,S0039,2025-04-07 23:36:38,113
U037,S0031,2025-03-25 05:29:21,229
U044,S0070,2025-04-08 00:56:45,199
U025,S0097,2025-03-13 03:42:09,101
U045,S0093,2025-04-10 06:12:06,70
U033,S0096,2025-04-06 08:23:29,207
U004,S0013,2025-04-06 23:13:44,253
U015,S0010,2025-03-20 23:31:16,204
U039,S0099,2025-03-27 02:50:03,233
U050,S0042,2025-04-04 08:54:00,45
U041,S0035,2025-03-13 07:54:42,260
U032,S0030,2025-04-05 12:37:18,212
U036,S0049,2025-03-27 11:23:36,251
U012,S0088,2025-03-31 15:10:23,224
U006,S0099,2025-03-25 09:08:24,181
U016,S0092,2025-03-22 05:38:27,67
U006,S0035,2025-03-21 04:04:44,108
U025,S0092,2025-03-24 22:35:26,108
U048,S0050,2025-03-17 17:05:04,192
U024,S0014,2025-03-15 18:35:53,76
U001,S0040,2025-04-08 23:14:20,257
U024,S0098,2025-03-26 21:47:36,168
U007,S0017,2025-04-10 10:21:07,74
U012,S0056,2025-03-24 11:43:54,259
U036,S0072,2025-03-27 07:18:16,292
U027,S0014,2025-03-17 09:50:21,43
U006,S0046,2025-03-24 12:57:40,77
U039,S0077,2025-03-26 16:51:56,196
U025,S0002,2025-03-23 12:49:37,179
U027,S0050,2025-03-25 21:37:53,73
U047,S0072,2025-03-13 04:18:50,154
U037,S0067,2025-03-25 18:21:30,116
U044,S0049,2025-04-01 08:32:53,116
U009,S0035,2025-04-02 08:51:28,184
U018,S0064,2025-03-29 11:54:00,104
U005,S0022,2025-04-09 11:26:32,252
U018,S0054,2025-03-17 07:14:36,183
U031,S0010,2025-03-20 20:33:16,214
U017,S0032,2025-03-29 20:11:02,283
U039,S0079,2025-03-21 20:57:04,130
U030,S0014,2025-04-04 13:48:26,99
U020,S0001,2025-03-24 21:35:36,232
U022,S0080,2025-04-01 16:47:50,224
U022,S0057,2025-03-15 10:25:30,201
U028,S0084,2025-03-15 11:07:17,99
U020,S0042,2025-04-07 09:54:48,132
U031,S0041,2025-03-24 03:34:40,120
U026,S0041,2025-03-27 01:18:30,179
U048,S0089,2025-03-28 21:16:30,281
U037,S0032,2025-03-18 08:33:44,196
U025,S0036,2025-03-30 01:41:36,231
U024,S0015,2025-03-14 12:13:03,132
U038,S0070,2025-03-29 14:38:37,122
U044,S0099,2025-03-20 16:05:12,43
U047,S0060,2025-03-21 13:52:06,137
U029,S0038,2025-04-06 15:51:08,65
U027,S0087,2025-03-24 21:16:41,285
U009,S0082,2025-04-08 20:47:33,185
U016,S0033,2025-04-11 12:19:43,108
U046,S0055,2025-03-26 05:13:15,223
U005,S0058,2025-03-27 21:12:37,275
U038,S0052,2025-03-19 01:30:44,289
U045,S0054,2025-03-29 22:11:14,48
U024,S0090,2025-04-07 23:42:12,73
U007,S0099,2025-03-27 08:41:08,157
U043,S0086,2025-04-02 06:11:42,211
U011,S0083,2025-03-25 18:23:54,52
U037,S0083,2025-03-22 08:43:17,234
U049,S0043,2025-03-18 23:16:26,250
U007,S0002,2025-03-24 12:29:22,80
U017,S0029,2025-03-14 23:43:47,291
U048,S0067,2025-04-05 20:20:55,143
U029,S0048,2025-03-31 04:42:00,230
U030,S0099,2025-03-22 12:28:51,286
U010,S0045,2025-03-16 05:49:11,42
U031,S0014,2025-03-20 23:39:14,181
U027,S0011,2025-03-15 15:59:31,89
U047,S0019,2025-03-19 20:07:37,208
U020,S0044,2025-04-08 00:17:46,263
U014,S0067,2025-03-22 08:31:25,277
U023,S0061,2025-03-17 04:11:19,79
U029,S0093,2025-04-11 15:29:44,261
U021,S0009,2025-03-29 08:01:00,183
U003,S0091,2025-04-09 21:47:03,88
U002,S0044,2025-03-26 03:04:01,85
U044,S0022,2025-04-05 18:09:47,154
U034,S0023,2025-04-04 18:53:16,111
U022,S0072,2025-03-13 23:34:53,248
U030,S0030,2025-04-02 01:45:57,237
U041,S0024,2025-03-24 14:46:39,125
U041,S0085,2025-03-26 00:47:30,251
U026,S0004,2025-03-23 20:15:27,131
U029,S0076,2025-04-10 10:12:08,249
U025,S0001,2025-04-02 07:29:10,139
U014,S0036,2025-04-05 22:04:15,62
U037,S0014,2025-04-01 11:27:45,125
U024,S0042,2025-04-01 04:07:50,130
U030,S0015,2025-03-18 00:14:42,164
U043,S0063,2025-04-11 02:16:11,300
U041,S0041,2025-03-21 15:46:42,228
U040,S0051,2025-03-22 01:32:32,88
U023,S0046,2025-03-26 07:30:56,264
U040,S0023,2025-04-11 18:30:46,182
U040,S0076,2025-03-20 03:25:14,73
U044,S0018,2025-03-27 19:07:04,190
U008,S0031,2025-03-28 20:30:00,186
U008,S0024,2025-03-31 04:55:25,221
U045,S0019,2025-03-26 22:46:58,291
U025,S0054,2025-03-20 08:47:00,100
U037,S0050,2025-03-20 10:38:11,246
U012,S0063,2025-04-06 21:35:25,118
U036,S0022,2025-04-11 05:14:57,280
U019,S0018,2025-04-08 05:38:28,125
U021,S0058,2025-04-10 03:14:59,57
U023,S0002,2025-04-07 21:01:00,278
U009,S0025,2025-03-25 04:04:13,226
U036,S0065,2025-04-01 00:21:43,283
U027,S0088,2025-03-31 12:09:19,281
U027,S0091,2025-03-28 22:47:19,257
U032,S0022,2025-03-23 05:04:35,72
U037,S0004,2025-03-24 00:21:44,142
U019,S0005,2025-04-09 18:13:31,170
U015,S0069,2025-04-09 03:33:34,177
U011,S0100,2025-04-02 05:50:27,264
U037,S0096,2025-04-03 14:35:31,283
U036,S0066,2025-03-30 21:31:57,87
U037,S0015,2025-04-04 21:49:26,167
U050,S0070,2025-04-07 21:46:04,217
U035,S0097,2025-04-02 00:10:30,51
U049,S0093,2025-04-08 18:29:22,255
U035,S0028,2025-03-27 05:59:50,247
U007,S0095,2025-04-04 07:06:56,156
U020,S0005,2025-04-09 16:53:52,260
U017,S0045,2025-04-07 17:39:54,74
U029,S0016,2025-03-16 01:20:12,151
U014,S0095,2025-03-23 12:04:58,209
U046,S0079,2025-03-26 09:57:52,249
U011,S0079,2025-03-30 23:11:17,101
U014,S0027,2025-04-03 03:57:32,60
U037,S0045,2025-03-30 15:06:44,173
U039,S0069,2025-03-17 20:21:23,116
U021,S0091,2025-04-05 14:28:31,179
U019,S0074,2025-03-26 04:43:05,166
U033,S0087,2025-04-04 17:04:59,78
U009,S0097,2025-04-08 20:42:31,240
U004,S0036,2025-03-24 19:48:57,94
U045,S0017,2025-04-06 01:53:17,157
U010,S0092,2025-03-16 22:03:20,194
U016,S0098,2025-03-16 03:10:17,231
U032,S0019,2025-04-07 04:33:17,167
U041,S0054,2025-04-10 01:26:52,222
U029,S0010,2025-03-19 07:10:46,77
U026,S0066,2025-04-09 13:45:42,172
U045,S0048,2025-04-11 21:39:05,262
U032,S0042,2025-04-04 13:30:31,31
U050,S0094,2025-04-09 05:12:33,77
U047,S0059,2025-04-04 02:32:09,213
U005,S0069,2025-03-20 11:51:56,233
U014,S0055,2025-03-20 23:57:53,138
U032,S0035,2025-03-20 09:02:24,195
U019,S0044,2025-03-31 20:05:24,96
U037,S0063,2025-03-15 02:06:56,205
U044,S0098,2025-04-04 00:35:30,54
U003,S0013,2025-03-25 16:20:47,265
U002,S0016,2025-03-29 15:10:00,110
U029,S0059,2025-03-13 11:41:47,30
U028,S0026,2025-04-05 20:35:08,97
U042,S0039,2025-03-30 03:59:12,111
U018,S0012,2025-03-21 05:42:47,214
U017,S0011,2025-03-24 14:05:50,220
U043,S0084,2025-03-23 12:18:35,114
U004,S0051,2025-03-24 20:35:27,186
U047,S0090,2025-03-26 06:37:53,149
U028,S0084,2025-03-20 16:41:20,76
U046,S0013,2025-03-28 14:45:11,30
U014,S0062,2025-03-16 22:34:59,69
U009,S0076,2025-03-14 02:23:42,145
U034,S0088,2025-04-09 15:58:10,257
U001,S0002,2025-03-14 06:34:20,205
U008,S0055,2025-04-10 16:56:22,97
U031,S0010,2025-03-19 14:22:27,147
U025,S0012,2025-04-07 23:19:41,82
U007,S0041,2025-04-11 14:19:27,218
U020,S0018,2025-04-04 22:31:04,225
U050,S0097,2025-04-11 05:59:32,98
U042,S0087,2025-03-31 04:22:21,103
U005,S0068,2025-03-22 17:25:33,34
U040,S0084,2025-03-19 15:53:33,114
U029,S0045,2025-03-25 16:35:47,139
U041,S0096,2025-03-20 16:48:03,107
U027,S0079,2025-03-22 02:55:20,256
U014,S0012,2025-04-02 16:55:59,81
U009,S0097,2025-03-15 16:24:24,93
U038,S0094,2025-03-25 03:47:04,226
U023,S0055,2025-03-17 21:12:48,191
U009,S0032,2025-04-08 02:13:07,171
U042,S0011,2025-04-04 06:17:14,157
U036,S0077,2025-04-07 21:41:06,175
U050,S0089,2025-04-02 09:47:55,43
U043,S0039,2025-04-05 02:00:30,135
U034,S0078,2025-04-08 00:08:17,290
U013,S0096,2025-04-09 17:34:32,230
U019,S0083,2025-04-04 12:36:51,57
U016,S0064,2025-04-09 15:35:02,227
U008,S0031,2025-04-05 09:11:12,285
U041,S0077,2025-03-16 14:12:46,66
U034,S0002,2025-03-23 22:13:38,214
U021,S0017,2025-03-29 18:49:28,228
U037,S0054,2025-03-19 17:14:24,217
U035,S0088,2025-04-11 09:32:09,118
U049,S0061,2025-04-02 21:35:57,67
U002,S0076,2025-03-15 22:47:29,64
U001,S0034,2025-04-07 11:37:51,140
U003,S0008,2025-03-27 11:38:49,233
U033,S0037,2025-03-17 22:30:40,286
U050,S0054,2025-04-09 16:06:04,246
U045,S0052,2025-03-31 13:13:08,72
U041,S0069,2025-03-19 07:21:05,108
U018,S0011,2025-03-26 16:11:01,188
U006,S0066,2025-03-20 15:33:51,134
U010,S0069,2025-04-03 17:49:51,197
U026,S0076,2025-04-09 07:59:25,63
U020,S0090,2025-04-05 05:10:27,253
U047,S0031,2025-03-28 07:01:49,59
U016,S0012,2025-03-28 15:00:04,252
U008,S0059,2025-03-30 06:00:50,58
U020,S0086,2025-04-06 11:06:52,119
U008,S0002,2025-03-26 02:43:14,100
U045,S0002,2025-04-08 05:40:11,113
U032,S0045,2025-03-20 19:32:03,297
U034,S0093,2025-03-23 09:18:05,162
U011,S0048,2025-03-14 21:02:32,94
U048,S0100,2025-03-28 16:14:52,167
U047,S0016,2025-04-08 15:29:01,45
U022,S0055,2025-04-08 17:27:08,169
U034,S0009,2025-03-15 19:54:35,164
U046,S0074,2025-03-24 06:27:13,69
U032,S0059,2025-03-15 01:31:38,291
U024,S0008,2025-03-17 23:27:38,285
U037,S0022,2025-04-04 03:45:59,218
U011,S0033,2025-03-21 08:55:08,82
U037,S0087,2025-03-29 15:15:28,89
U015,S0095,2025-03-20 06:01:25,290
U001,S0006,2025-03-13 19:42:04,36
U016,S0006,2025-03-23 23:58:32,271
U024,S0050,2025-03-20 09:15:41,106
U012,S0005,2025-03-30 03:28:47,244
U015,S0042,2025-04-02 04:56:38,157
U027,S0093,2025-03-14 16:49:46,193
U018,S0010,2025-04-06 03:36:12,220
U008,S0065,2025-03-17 08:02:00,56
U012,S0029,2025-03-16 21:34:00,294
U003,S0052,2025-03-15 13:05:55,65
U030,S0037,2025-04-04 07:07:45,189
U021,S0012,2025-04-11 11:55:48,263
U001,S0048,2025-03-22 02:16:06,132
U019,S0073,2025-03-25 23:29:10,185
U048,S0080,2025-03-28 00:24:11,154
U030,S0048,2025-04-03 20:27:58,282
U050,S0100,2025-03-21 18:31:09,130
U047,S0070,2025-03-18 17:47:08,155
U010,S0001,2025-04-09 04:39:50,239
U002,S0030,2025-04-08 08:31:24,207
U041,S0089,2025-03-28 12:27:00,34
U022,S0001,2025-04-01 02:15:35,222
U048,S0094,2025-04-07 06:50:12,187
U007,S0027,2025-03-18 06:04:33,151
U027,S0063,2025-04-03 21:35:27,60
U010,S0092,2025-03-31 13:07:37,173
U006,S0006,2025-04-01 14:42:01,148
U034,S0053,2025-04-02 13:05:26,220
U030,S0096,2025-04-03 07:42:37,73
U038,S0013,2025-04-01 14:31:19,288
U009,S0082,2025-03-17 16:33:33,231
U005,S0076,2025-04-05 05:28:29,61
U028,S0085,2025-04-04 21:47:51,96
U016,S0038,2025-04-03 01:11:32,163
U021,S0051,2025-03-24 14:56:43,197
U021,S0058,2025-03-19 16:59:02,169
U015,S0010,2025-04-01 02:57:16,133
U009,S0100,2025-03-15 05:26:03,85
U010,S0014,2025-04-11 23:50:00,114
U029,S0060,2025-03-31 16:58:09,190
U027,S0016,2025-04-07 22:29:04,213
U050,S0027,2025-03-26 02:48:14,261
U020,S0060,2025-04-01 09:02:28,165
U008,S0012,2025-04-10 13:25:17,110
U044,S0039,2025-03-24 08:47:43,50
U014,S0042,2025-03-25 00:31:49,105
U006,S0092,2025-04-02 05:36:11,157
U023,S0051,2025-04-08 16:50:40,292
U004,S0087,2025-03-26 16:32:40,183
U017,S0023,2025-03-25 09:49:28,45
U026,S0058,2025-04-03 23:04:16,157
U007,S0060,2025-04-07 01:22:54,82
U009,S0016,2025-03-19 20:49:35,36
U004,S0100,2025-04-11 01:26:10,143
U009,S0026,2025-03-20 13:29:07,235
U024,S0088,2025-03-14 03:16:24,73
U038,S0076,2025-04-07 10:26:01,162
U005,S0003,2025-03-20 08:11:41,63
U013,S0083,2025-03-16 03:55:39,257
U009,S0012,2025-04-08 02:14:36,199
U008,S0006,2025-03-26 05:21:37,266
U004,S0022,2025-03-23 20:52:47,251
U047,S0051,2025-03-18 06:41:56,284
U002,S0049,2025-04-11 12:12:09,248
U012,S0046,2025-03-24 00:52:23,139
U012,S0036,2025-03-21 22:46:16,173
U029,S0020,2025-03-15 02:54:37,47
U040,S0080,2025-03-17 01:34:05,155
U042,S0038,2025-04-07 23:35:18,285
U027,S0071,2025-03-14 22:24:36,275
U004,S0012,2025-03-28 17:57:50,173
U025,S0018,2025-03-23 04:32:51,244
U013,S0083,2025-04-09 07:12:47,299
U016,S0081,2025-03-13 17:10:51,39
U025,S0092,2025-03-15 12:52:15,213
U031,S0070,2025-03-22 01:27:55,278
U023,S0073,2025-03-19 19:39:30,287
U021,S0050,2025-03-16 05:49:24,168
U012,S0004,2025-04-04 04:02:51,193
U039,S0029,2025-04-11 08:19:44,45
U050,S0036,2025-03-28 21:26:45,59
U031,S0068,2025-03-22 16:35:38,213
U050,S0075,2025-04-02 01:01:16,149
U011,S0013,2025-04-12 02:33:35,156
U043,S0031,2025-04-07 07:12:19,166
U035,S0095,2025-03-31 06:58:04,58
U049,S0029,2025-04-08 13:43:52,228
U023,S0023,2025-03-24 01:04:52,120
U016,S0076,2025-03-31 16:24:35,192
U048,S0090,2025-03-20 01:06:20,213
U038,S0004,2025-03-21 20:44:51,210
U037,S0073,2025-03-26 19:08:04,102
U037,S0025,2025-03-31 13:58:59,282
U035,S0040,2025-04-10 13:41:22,119
U032,S0005,2025-04-06 10:58:24,76
U004,S0030,2025-03-16 03:49:27,142
U002,S0068,2025-03-27 22:46:11,274
U001,S0043,2025-04-11 19:50:18,133
U009,S0044,2025-04-07 18:42:22,120
U021,S0008,2025-03-25 12:01:23,41
U010,S0076,2025-03-17 06:15:40,102
U050,S0015,2025-03-22 17:39:34,299
U024,S0010,2025-04-11 02:41:44,221
U046,S0085,2025-03-31 07:11:51,232
U038,S0013,2025-03-19 01:14:40,202
U020,S0042,2025-03-22 21:29:38,99
U011,S0094,2025-03-23 12:46:08,253
U041,S0063,2025-04-02 18:17:13,192
U012,S0091,2025-04-08 15:55:24,212
U015,S0086,2025-03-21 16:57:52,119
U025,S0040,2025-03-31 10:06:41,180
U009,S0023,2025-03-17 18:29:12,30
U045,S0074,2025-03-15 17:06:53,230
U050,S0073,2025-03-13 17:33:13,46
U012,S0078,2025-03-18 22:05:26,192
U040,S0029,2025-04-04 05:50:12,83
U032,S0019,2025-03-19 00:04:15,199
U048,S0010,2025-04-11 13:10:31,151
U023,S0041,2025-04-05 09:23:04,115
U041,S0012,2025-04-04 16:18:44,201
U029,S0002,2025-03-20 07:58:13,165
U014,S0032,2025-03-20 23:22:38,64
U023,S0033,2025-03-24 13:26:37,85
U047,S0001,2025-03-26 06:00:33,54
U025,S0057,2025-03-17 01:32:03,244
U011,S0053,2025-03-25 09:49:24,282
U025,S0045,2025-03-22 22:31:58,222
U007,S0062,2025-03-17 02:39:21,145
U011,S0058,2025-03-13 23:18:00,67
U003,S0038,2025-03-31 11:04:05,40
U021,S0034,2025-03-19 17:04:08,83
U005,S0044,2025-03-16 21:38:24,117
U025,S0021,2025-03-19 09:39:21,68
U036,S0012,2025-04-06 07:50:55,203
U039,S0079,2025-03-22 04:46:34,277
U046,S0004,2025-04-02 02:19:41,250
U042,S0022,2025-04-09 01:47:59,252
U011,S0007,2025-03-14 15:12:38,81
U022,S0027,2025-03-26 16:15:08,127
U027,S0090,2025-04-01 10:59:12,165
U043,S0037,2025-03-27 09:53:56,182
U016,S0013,2025-03-30 06:48:36,55
U026,S0074,2025-04-01 20:43:56,281
U010,S0007,2025-03-27 06:54:04,214
U001,S0055,2025-03-20 06:42:21,74
U019,S0085,2025-03-24 08:21:57,275
U013,S0013,2025-03-24 18:35:57,43
U014,S0022,2025-04-11 00:33:12,179
U006,S0061,2025-03-29 04:07:38,89
U020,S0051,2025-03-31 11:38:10,271
U032,S0085,2025-03-31 20:42:59,165
U006,S0083,2025-03-16 02:20:25,228
U012,S0048,2025-03-30 10:46:03,225
U024,S0024,2025-04-08 22:44:20,258
U003,S0034,2025-04-04 15:02:20,255
U030,S0034,2025-03-15 21:33:20,145
U018,S0073,2025-04-03 02:15:58,61
U010,S0097,2025-03-14 20:11:41,79
U006,S0086,2025-03-27 09:07:34,206
U035,S0053,2025-04-09 05:46:03,146
U036,S0008,2025-03-14 07:32:04,228
U034,S0054,2025-03-17 08:04:53,273
U037,S0031,2025-03-23 19:19:42,273
U020,S0011,2025-03-25 12:18:50,232
U046,S0005,2025-03-18 00:21:17,287
U037,S0067,2025-03-29 08:22:43,105
U008,S0097,2025-04-06 03:28:22,259
U012,S0022,2025-04-05 16:51:32,138
U013,S0017,2025-04-07 19:51:59,51
U028,S0011,2025-04-06 00:41:39,252
U013,S0081,2025-04-05 14:09:54,105
U039,S0034,2025-04-04 21:44:04,193
U047,S0009,2025-03-15 04:01:33,74
U025,S0072,2025-04-11 16:42:54,233
U036,S0042,2025-04-05 13:30:16,171
U034,S0059,2025-03-20 01:56:33,36
U045,S0080,2025-03-26 18:17:03,297
U027,S0015,2025-04-03 23:37:36,242
U010,S0019,2025-03-20 14:53:43,81
U007,S0073,2025-04-11 04:50:43,81
U019,S0069,2025-03-14 17:15:38,206
U027,S0034,2025-04-10 12:10:26,226
U042,S0063,2025-03-16 09:51:32,272
U003,S0023,2025-04-01 13:28:47,171
U026,S0019,2025-03-19 02:03:03,235
U003,S0051,2025-04-03 23:44:05,199
U045,S0031,2025-03-22 02:34:33,55
U048,S0061,2025-03-22 08:02:01,167
U024,S0003,2025-04-05 00:17:29,202
U020,S0040,2025-03-17 00:11:51,173
U032,S0090,2025-04-02 03:18:56,80
U015,S0018,2025-04-07 05:42:04,183
U048,S0057,2025-03-23 12:57:50,194
U018,S0094,2025-04-03 05:38:39,243
U039,S0083,2025-04-09 04:21:49,75
U013,S0057,2025-03-13 04:38:04,138
U027,S0095,2025-03-15 07:56:37,278
U049,S0067,2025-04-07 13:59:49,221
U004,S0066,2025-03-21 16:48:04,111
U005,S0040,2025-03-18 16:06:38,289
U026,S0018,2025-04-01 20:55:45,298
U037,S0004,2025-03-31 17:37:56,118
U013,S0026,2025-04-01 02:02:36,59
U016,S0005,2025-04-02 19:14:43,263
U004,S0047,2025-03-17 15:07:07,131
U018,S0048,2025-03-24 06:10:13,267
U033,S0051,2025-04-05 19:07:32,93
U044,S0004,2025-04-02 00:55:41,153
U024,S0063,2025-03-25 03:33:26,258
U012,S0061,2025-03-26 06:50:46,209
U023,S0021,2025-04-06 01:35:29,162
U048,S0089,2025-03-26 10:12:50,76
U019,S0004,2025-03-24 08:09:15,227
U004,S0021,2025-03-29 17:14:52,139
U015,S0083,2025-03-28 18:15:02,145
U044,S0027,2025-03-22 07:37:26,167
U042,S0053,2025-03-30 01:24:21,292
U002,S0100,2025-03-17 07:04:47,34
U031,S0017,2025-04-11 05:07:08,118
U039,S0002,2025-04-10 14:05:15,144
U017,S0078,2025-04-11 12:57:55,186
U046,S0091,2025-03-21 17:03:14,170
U028,S0049,2025-03-29 20:18:06,208
U030,S0033,2025-03-15 18:23:06,141
U030,S0039,2025-04-09 10:51:01,296
U040,S0051,2025-03-18 11:44:25,82
U001,S0066,2025-03-20 22:23:44,221
U036,S0083,2025-04-09 17:09:52,174
U020,S0088,2025-03-28 15:47:43,85
U031,S0009,2025-04-08 16:28:04,202
U018,S0082,2025-03-14 12:14:47,196
U018,S0034,2025-04-04 02:53:33,182
U013,S0020,2025-03-28 10:11:25,294
U049,S0031,2025-03-22 20:54:56,59
U039,S0052,2025-03-27 09:45:47,193
U044,S0018,2025-03-31 09:23:11,43
U042,S0064,2025-04-10 14:20:17,181
U017,S0054,2025-03-22 10:47:19,237
U025,S0095,2025-03-17 07:32:55,48
U038,S0091,2025-04-07 15:55:25,127
U022,S0093,2025-03-13 04:19:32,143
U044,S0069,2025-03-14 04:20:56,273
U043,S0046,2025-03-13 16:34:39,289
U020,S0022,2025-03-29 04:08:43,122
U019,S0013,2025-03-18 15:13:07,271
U009,S0095,2025-04-02 05:11:53,162
U047,S0072,2025-04-06 13:10:03,123
U044,S0043,2025-04-05 18:34:08,75
U015,S0046,2025-03-20 10:54:34,144
U048,S0040,2025-04-10 08:36:17,245
U022,S0048,2025-03-17 08:48:03,163
U038,S0038,2025-04-11 01:25:08,267
U008,S0061,2025-03-31 00:56:04,57
U041,S0075,2025-03-24 03:21:02,66
U031,S0025,2025-03-31 05:00:47,286
U008,S0088,2025-03-17 10:17:23,225
U034,S0039,2025-03-23 02:41:39,241
U004,S0020,2025-04-11 22:16:04,100
U013,S0044,2025-03-14 07:34:52,239
U037,S0059,2025-03-19 09:37:12,103
U021,S0092,2025-04-07 11:20:34,122
U050,S0011,2025-04-03 19:35:31,279
U022,S0081,2025-03-26 07:39:13,120
U021,S0082,2025-03-29 08:29:40,59
U001,S0058,2025-04-06 13:40:36,170
U014,S0098,2025-03-17 20:36:31,116
U037,S0098,2025-03-13 19:40:45,111
U032,S0098,2025-03-17 08:40:08,75
U009,S0079,2025-03-17 03:22:10,252
U041,S0055,2025-04-03 13:39:51,236
U028,S0062,2025-03-20 23:22:34,226
U001,S0005,2025-04-02 02:13:59,132
U047,S0048,2025-03-20 05:36:32,37
U021,S0097,2025-04-11 17:56:42,127
U002,S0087,2025-04-07 10:39:37,32
U041,S0094,2025-03-23 04:46:31,157
U015,S0089,2025-04-10 15:47:04,206
U020,S0017,2025-03-22 19:22:59,82
U025,S0065,2025-03-25 06:34:43,186
U011,S0009,2025-04-10 11:50:31,53
U020,S0038,2025-04-08 04:31:24,263
U047,S0067,2025-04-03 16:26:47,298
U022,S0056,2025-03-28 23:15:30,98
U022,S0063,2025-03-21 06:00:55,213
U049,S0025,2025-03-16 20:44:31,114
U026,S0003,2025-03-30 23:43:44,146
U015,S0094,2025-03-14 08:41:07,97
U014,S0094,2025-03-16 04:25:23,41
U038,S0065,2025-03-27 23:24:49,116
U008,S0047,2025-04-02 15:07:32,49
U025,S0082,2025-03-21 03:23:43,160
U050,S0069,2025-03-15 12:17:45,54
U039,S0007,2025-03-24 10:23:33,85
U042,S0003,2025-03-28 21:54:09,54
U045,S0015,2025-03-28 23:49:31,243
U029,S0049,2025-03-23 11:20:12,93
U036,S0033,2025-04-02 02:41:25,272
U045,S0020,2025-04-06 02:28:18,135
U045,S0088,2025-03-17 18:20:35,34
U020,S0054,2025-04-01 20:36:15,81
U043,S0067,2025-04-04 08:24:27,168
U040,S0078,2025-03-19 03:29:36,100
U027,S0014,2025-03-25 05:24:09,291
U047,S0080,2025-04-06 14:11:47,90
U019,S0015,2025-03-19 07:21:31,84
U032,S0026,2025-04-06 00:01:36,132
U050,S0034,2025-03-28 17:21:55,297
U013,S0046,2025-04-09 20:45:13,239
U019,S0021,2025-04-02 10:05:01,50
U036,S0064,2025-03-29 04:09:56,136
U045,S0062,2025-03-21 20:10:43,199
U016,S0001,2025-03-25 05:04:00,36
U043,S0012,2025-03-23 17:37:22,86
U037,S0086,2025-03-14 10:22:26,282
U010,S0012,2025-04-01 06:05:56,291
U005,S0093,2025-04-07 05:34:43,81
U017,S0083,2025-04-10 04:39:00,148
U030,S0038,2025-03-23 22:53:49,165
U030,S0007,2025-04-01 01:30:02,81
U012,S0006,2025-03-20 00:16:01,178
U024,S0087,2025-03-26 01:11:33,190
U028,S0095,2025-03-19 18:23:32,89
U007,S0098,2025-03-27 05:03:37,53
U001,S0018,2025-03-23 06:39:10,117
U022,S0046,2025-03-31 03:34:36,254
U040,S0035,2025-03-30 23:55:40,77
U024,S0044,2025-04-01 22:56:15,123
U008,S0052,2025-04-04 21:00:09,234
U030,S0035,2025-03-14 11:42:54,227
U045,S0062,2025-04-05 03:20:09,245
U042,S0022,2025-03-21 08:07:03,87
U009,S0090,2025-03-23 11:09:59,60
U011,S0014,2025-03-17 13:51:41,243
U038,S0062,2025-03-13 23:45:01,254
U012,S0079,2025-03-31 09:43:13,224
U050,S0046,2025-03-14 05:00:40,44
U044,S0094,2025-03-23 10:47:22,96
U031,S0063,2025-03-26 18:05:40,87
U027,S0057,2025-04-03 22:33:24,53
U005,S0034,2025-04-04 14:37:54,190
U001,S0091,2025-04-09 08:21:03,298
U050,S0096,2025-04-03 04:19:43,144
U043,S0044,2025-04-09 13:28:05,295
U034,S0089,2025-03-30 11:12:12,78
U028,S0085,2025-04-04 05:51:09,157
U031,S0045,2025-04-08 18:39:23,227
U010,S0072,2025-03-30 23:55:15,57
U001,S0083,2025-03-24 23:50:57,110
U033,S0061,2025-03-23 09:15:50,283
U011,S0010,2025-03-29 06:18:04,281
U021,S0031,2025-03-30 01:03:02,199
U018,S0007,2025-04-08 16:42:54,289
U015,S0071,2025-03-29 11:24:01,223
U026,S0031,2025-03-13 15:44:44,70
U030,S0057,2025-03-21 17:03:56,259
U006,S0064,2025-03-23 15:54:13,258
U021,S0016,2025-04-01 20:46:21,284
U048,S0084,2025-03-25 07:19:49,39
U007,S0052,2025-03-22 10:20:23,241
U003,S0072,2025-03-30 13:22:58,30
U006,S0078,2025-03-19 15:00:17,185
U033,S0072,2025-03-22 23:37:53,135
U042,S0086,2025-03-23 16:24:02,263
U022,S0047,2025-03-28 21:42:56,57
U015,S0059,2025-03-21 12:36:22,199
U036,S0099,2025-04-07 23:32:29,272
U046,S0085,2025-04-10 20:09:41,216
U046,S0058,2025-04-10 23:57:42,88
U007,S0098,2025-03-20 10:40:16,143
U001,S0044,2025-03-25 16:25:00,211
U041,S0038,2025-03-17 22:59:36,297
U024,S0090,2025-03-24 17:22:47,84
U003,S0022,2025-03-27 17:58:23,282
U009,S0092,2025-04-04 06:44:04,239
U007,S0033,2025-03-31 18:44:06,130
U013,S0016,2025-03-19 11:35:19,231
U014,S0059,2025-04-10 02:51:19,127
U046,S0044,2025-04-07 16:25:07,85
U049,S0054,2025-03-16 01:27:23,53
U041,S0087,2025-04-03 14:54:08,93
U050,S0058,2025-04-06 18:19:20,264
U043,S0076,2025-04-08 12:03:25,288
U009,S0064,2025-03-22 00:56:15,32
U034,S0095,2025-03-20 02:40:14,54
U036,S0056,2025-04-07 22:57:07,277
U033,S0100,2025-04-02 08:15:45,120
U045,S0075,2025-03-30 08:25:45,118
U047,S0017,2025-04-11 01:10:54,83
U025,S0085,2025-03-14 19:34:41,194
U033,S0050,2025-03-26 10:17:58,244
U039,S0089,2025-03-22 03:05:04,157
U018,S0051,2025-03-17 12:27:28,205
U019,S0058,2025-04-11 18:13:11,98
U009,S0053,2025-03-14 14:43:19,292
U020,S0090,2025-03-15 04:08:36,190
U046,S0095,2025-03-18 17:45:10,141
U013,S0027,2025-03-18 14:49:05,178
U044,S0045,2025-03-15 13:27:01,97
U046,S0084,2025-04-03 17:17:38,121
U033,S0070,2025-04-11 07:24:02,195
U046,S0015,2025-03-15 11:27:04,210
U036,S0062,2025-04-03 05:12:09,243
U044,S0096,2025-03-18 06:11:04,176
U028,S0002,2025-04-11 10:49:03,297
U007,S0004,2025-03-18 07:13:55,225
U010,S0007,2025-04-07 16:42:56,58
U013,S0035,2025-03-16 03:34:54,112
U019,S0088,2025-04-08 08:04:51,158
U010,S0008,2025-04-10 12:51:37,181
U014,S0097,2025-04-01 19:38:23,46
U023,S0058,2025-03-24 01:03:53,82
U040,S0087,2025-03-24 14:03:30,144
U048,S0083,2025-04-09 04:29:48,229
U016,S0066,2025-03-19 11:20:18,177
U045,S0086,2025-03-29 12:31:03,54
U025,S0050,2025-04-07 11:29:35,243
U044,S0041,2025-04-03 00:13:56,57
U001,S0096,2025-03-25 07:04:01,158
U013,S0080,2025-04-01 08:23:32,256
U015,S0082,2025-03-13 19:24:26,218
U049,S0076,2025-03-17 20:52:50,130
U050,S0093,2025-03-26 12:13:29,129
U019,S0058,2025-03-30 15:34:12,120
U044,S0010,2025-04-04 17:00:33,125
U012,S0095,2025-03-14 19:46:45,293
U008,S0049,2025-03-29 13:00:41,50
U028,S0036,2025-04-06 07:58:37,165
U009,S0021,2025-04-03 19:12:43,160
U001,S0043,2025-04-08 22:39:23,268
U046,S0020,2025-03-14 23:08:11,50
U010,S0042,2025-03-21 21:35:53,56
U050,S0081,2025-03-26 16:43:40,184
U032,S0074,2025-03-22 06:22:34,213
U005,S0091,2025-04-08 22:57:33,192
U034,S0029,2025-03-22 01:01:47,124
U034,S0009,2025-04-09 20:12:17,288
U011,S0054,2025-03-26 10:35:05,236
U006,S0045,2025-04-10 21:01:24,143
U014,S0085,2025-03-26 02:08:48,199
U022,S0047,2025-04-06 07:48:51,180
U014,S0097,2025-03-31 11:51:26,273
U036,S0097,2025-03-28 16:19:53,34
U008,S0086,2025-04-10 23:52:15,207
U029,S0031,2025-04-08 12:29:12,154
U003,S0088,2025-03-30 16:51:20,194
U025,S0015,2025-03-31 04:30:41,227
U017,S0070,2025-04-06 22:04:09,174
U002,S0067,2025-03-25 15:52:45,221
U033,S0066,2025-03-16 11:03:45,258
U032,S0006,2025-03-30 23:15:06,181
U042,S0025,2025-03-14 03:30:02,194
U033,S0011,2025-03-28 06:49:37,79
U011,S0099,2025-03-22 13:57:34,33
U041,S0009,2025-04-06 17:37:43,137
U043,S0081,2025-03-24 10:51:51,139
U044,S0055,2025-03-16 21:50:56,83
U014,S0069,2025-03-20 13:29:44,252
U042,S0010,2025-04-11 16:45:48,108
U002,S0059,2025-04-03 00:42:50,199
U003,S0012,2025-03-14 01:01:52,67
U004,S0023,2025-04-01 16:05:00,158
U036,S0010,2025-03-14 12:59:32,146
U017,S0053,2025-03-25 02:21:19,228
U029,S0081,2025-04-08 16:22:01,237
U028,S0041,2025-04-01 21:35:31,38
U025,S0087,2025-04-03 11:36:18,90
U035,S0001,2025-03-26 13:20:02,62
U049,S0096,2025-03-13 20:24:00,53
U045,S0010,2025-04-05 06:50:52,213
U033,S0014,2025-04-01 08:11:28,178
U044,S0039,2025-03-21 01:03:37,74
U019,S0098,2025-04-01 19:33:37,254
U025,S0051,2025-03-21 00:39:28,45
U031,S0021,2025-03-28 05:56:27,142
U009,S0096,2025-04-08 17:04:10,230
U035,S0038,2025-03-30 06:55:34,103
U020,S0087,2025-03-27 06:44:21,221
U001,S0071,2025-04-08 16:50:41,102
U008,S0006,2025-03-13 06:01:32,32
U037,S0077,2025-03-14 11:45:34,231
U035,S0071,2025-03-25 10:38:41,73
U020,S0027,2025-03-26 14:41:43,206
U014,S0053,2025-04-01 06:30:50,292
U010,S0021,2025-03-15 09:56:40,124
U015,S0079,2025-04-08 18:41:38,159
U013,S0015,2025-03-29 18:07:59,122
U043,S0073,2025-03-22 19:59:56,57
U049,S0071,2025-03-24 23:14:08,266
U042,S0071,2025-04-01 07:20:21,67
U019,S0086,2025-03-14 15:06:07,64
U017,S0013,2025-03-15 20:31:13,131
U047,S0075,2025-03-27 10:42:42,279
U022,S0046,2025-03-21 15:13:02,95
U043,S0084,2025-03-25 01:29:35,150
U007,S0037,2025-03-18 21:06:44,65
U013,S0041,2025-03-31 12:31:33,278
U029,S0043,2025-03-26 21:02:54,186
U045,S0075,2025-04-06 05:44:16,108
U037,S0073,2025-04-02 23:09:26,216
U021,S0055,2025-04-01 06:16:30,116
U001,S0041,2025-04-06 02:50:56,156
U015,S0092,2025-03-27 15:43:03,253
U018,S0047,2025-03-20 00:07:48,98
U044,S0094,2025-03-13 16:58:10,199
U031,S0060,2025-03-18 04:37:23,258
U023,S0100,2025-03-17 19:54:31,186
U032,S0071,2025-04-08 18:58:40,85
U012,S0083,2025-04-12 00:15:26,71
U018,S0018,2025-03-15 08:08:17,130
U017,S0094,2025-03-15 13:02:50,69
U047,S0010,2025-04-10 18:18:45,39
U033,S0081,2025-04-04 18:04:47,45
U038,S0075,2025-03-25 21:55:21,237
U050,S0076,2025-04-09 02:37:01,138
U003,S0071,2025-04-08 07:41:20,163
U035,S0070,2025-04-09 01:57:58,271
U042,S0100,2025-04-06 16:23:50,106
U024,S0051,2025-03-24 05:45:23,144
U050,S0076,2025-04-05 16:22:30,178
U009,S0060,2025-04-10 16:59:58,286
U033,S0012,2025-03-22 07:00:03,233
U024,S0065,2025-03-20 11:43:13,35
U043,S0031,2025-03-21 09:54:30,114
U049,S0066,2025-04-01 12:07:27,101
U029,S0021,2025-03-20 18:32:00,121
U037,S0073,2025-03-27 00:58:27,104
U048,S0094,2025-04-11 07:00:59,277
U023,S0006,2025-04-11 06:25:55,142
U049,S0063,2025-03-25 02:31:21,148
U005,S0034,2025-03-28 07:56:33,219
U015,S0006,2025-03-16 01:18:28,135
U034,S0047,2025-03-26 10:29:33,228
U031,S0059,2025-03-31 10:16:34,53
U003,S0084,2025-03-18 05:42:36,195
U007,S0091,2025-04-03 15:35:33,296
U041,S0036,2025-03-22 13:32:04,164
U038,S0070,2025-03-15 05:46:00,119
U025,S0084,2025-03-19 16:18:53,223
U024,S0076,2025-03-30 04:57:32,69
U034,S0033,2025-04-04 18:11:06,222
U015,S0067,2025-04-07 03:58:52,237
U023,S0045,2025-04-02 20:53:37,279
U031,S0078,2025-03-19 23:30:22,33
U033,S0018,2025-04-01 06:52:10,255
U011,S0030,2025-04-05 03:08:55,69
U033,S0083,2025-04-04 07:57:53,173
U014,S0020,2025-03-22 01:07:51,125
U011,S0047,2025-03-16 02:06:12,90
U043,S0030,2025-03-23 17:24:17,242
U022,S0093,2025-03-23 06:23:56,88
U031,S0087,2025-04-04 07:45:55,275
U031,S0027,2025-04-08 10:33:34,112
U042,S0053,2025-04-03 01:00:55,41
U016,S0006,2025-04-03 15:49:04,95
U037,S0076,2025-03-28 07:41:00,112
U009,S0081,2025-04-04 16:08:08,292
U003,S0074,2025-03-24 08:24:58,105
U004,S0022,2025-04-11 09:56:36,162
U012,S0067,2025-03-29 18:44:37,237
U039,S0073,2025-03-19 20:28:39,39
U047,S0094,2025-03-19 03:23:28,175
U006,S0028,2025-03-20 06:54:39,259
U039,S0061,2025-03-21 00:47:19,276
U011,S0029,2025-04-10 20:02:20,240
U039,S0019,2025-03-31 13:47:18,123
U040,S0085,2025-04-09 20:26:54,291
U017,S0022,2025-03-28 15:36:30,205
U030,S0077,2025-03-20 23:34:04,65
U015,S0049,2025-03-23 06:58:37,227
U009,S0014,2025-04-01 00:38:36,38
U013,S0067,2025-04-02 01:22:24,288
U044,S0054,2025-03-22 11:04:30,106
U039,S0013,2025-03-30 01:38:14,120
U031,S0079,2025-03-17 06:50:15,49
U035,S0065,2025-03-31 07:02:30,90
U006,S0062,2025-03-26 17:46:42,96
U039,S0070,2025-03-14 14:09:57,30
U050,S0087,2025-03-25 04:42:49,250
U034,S0054,2025-03-14 09:32:33,219
U003,S0090,2025-03-30 03:22:26,249
U015,S0062,2025-04-07 00:22:59,225
U023,S0076,2025-04-03 19:14:38,80
U028,S0018,2025-03-17 23:18:54,160
U031,S0099,2025-03-24 17:55:44,149
U006,S0037,2025-03-28 08:55:32,239
U017,S0025,2025-03-22 07:05:14,32
U046,S0096,2025-03-17 05:25:02,33
U037,S0067,2025-03-26 11:52:08,90
U034,S0001,2025-03-28 12:39:03,222
U042,S0027,2025-03-21 23:19:34,191
U027,S0047,2025-03-28 16:55:54,84
U010,S0055,2025-03-15 12:09:40,159
U017,S0069,2025-04-07 22:53:46,246
U037,S0047,2025-03-30 19:31:44,171
U044,S0051,2025-03-20 00:15:47,134
U027,S0071,2025-03-30 01:33:28,277
U012,S0048,2025-04-01 12:24:48,277
U017,S0040,2025-04-06 18:23:17,206
U050,S0091,2025-04-04 18:44:13,233
U048,S0018,2025-04-09 07:14:11,90
U048,S0030,2025-03-24 22:58:15,258
U045,S0021,2025-03-16 04:10:57,81
U014,S0066,2025-03-13 10:21:39,235
U022,S0071,2025-03-15 17:46:50,56
U011,S0050,2025-03-18 21:59:46,32
U006,S0019,2025-04-08 23:25:51,271
U039,S0056,2025-04-11 15:04:43,75
U005,S0034,2025-04-10 18:56:39,143
U024,S0011,2025-03-13 09:34:59,49
U047,S0050,2025-03-19 07:24:22,235
U040,S0084,2025-03-31 17:35:38,296
U019,S0092,2025-03-27 01:03:32,59
U050,S0023,2025-03-31 11:34:51,283
U029,S0002,2025-04-05 17:04:35,133
U043,S0067,2025-03-26 11:22:18,176
U013,S0005,2025-03-23 17:02:21,291
U034,S0090,2025-03-21 03:45:47,148
U040,S0022,2025-03-26 09:36:17,48
U024,S0031,2025-03-15 03:00:51,30
U011,S0012,2025-03-20 07:04:33,171
U050,S0052,2025-03-21 22:34:09,210
U043,S0051,2025-04-05 08:05:28,237
U038,S0026,2025-03-14 20:25:40,295
U001,S0095,2025-03-14 23:46:14,65
U006,S0071,2025-03-14 14:03:49,175
U047,S0072,2025-03-25 01:10:28,208
U023,S0036,2025-04-06 12:13:42,145
U039,S0025,2025-03-23 17:22:21,262
U026,S0074,2025-03-21 06:26:24,32
U017,S0023,2025-04-03 08:22:57,238
U033,S0014,2025-03-14 04:08:03,67
U033,S0038,2025-03-25 22:40:54,204
U008,S0066,2025-04-01 00:12:08,161
U035,S0074,2025-04-10 02:51:44,158
U045,S0057,2025-04-08 17:17:17,223
U037,S0062,2025-03-19 10:27:25,154
U049,S0044,2025-03-19 06:31:47,264
U044,S0059,2025-04-08 22:59:29,44
U031,S0015,2025-03-15 05:00:48,162
U005,S0049,2025-03-31 00:37:41,142
U044,S0090,2025-04-09 22:59:55,147
U021,S0053,2025-03-13 11:58:00,210
U034,S0069,2025-03-28 12:49:18,34
U045,S0034,2025-03-17 15:46:56,157
U019,S0012,2025-03-21 18:12:22,234
U044,S0096,2025-03-29 19:48:08,205
U005,S0071,2025-03-14 01:47:05,121
U031,S0041,2025-03-16 20:28:36,211
U014,S0074,2025-04-10 11:08:11,167
U012,S0096,2025-03-22 19:14:42,127
U032,S0095,2025-03-29 23:32:11,132
U016,S0095,2025-04-01 17:48:47,153
U017,S0027,2025-03-29 18:24:42,147
U013,S0032,2025-04-09 20:27:38,212
U010,S0100,2025-03-17 15:34:46,84
U008,S0011,2025-03-22 09:00:12,282
U040,S0001,2025-04-06 01:05:29,51
U031,S0048,2025-04-07 21:17:42,191
U032,S0074,2025-03-16 15:29:35,170
U032,S0024,2025-03-27 13:50:38,291
U018,S0051,2025-03-27 08:02:53,143
U049,S0074,2025-03-19 06:26:59,95
U004,S0068,2025-04-09 16:39:48,246
U031,S0070,2025-03-27 15:57:42,46
U033,S0045,2025-03-21 01:09:43,231
U044,S0100,2025-04-11 07:47:29,119
U030,S0016,2025-04-11 07:55:52,295
U030,S0041,2025-04-01 23:51:01,34
U001,S0087,2025-03-27 06:57:41,137
U025,S0075,2025-03-28 18:00:41,81
U021,S0047,2025-04-04 15:07:49,162
U012,S0071,2025-03-14 12:04:53,164
U016,S0035,2025-03-31 22:47:25,271
U040,S0044,2025-03-18 05:15:55,217
U012,S0064,2025-04-06 11:46:24,247
U014,S0054,2025-03-21 17:28:47,220
U024,S0052,2025-03-14 12:16:09,173
U029,S0024,2025-03-23 21:02:55,97
U037,S0088,2025-04-03 04:15:27,147
U007,S0093,2025-03-18 05:40:54,168
U016,S0072,2025-04-09 21:51:26,251
U025,S0026,2025-03-26 11:20:51,104
U048,S0020,2025-03-20 15:34:03,272
U001,S0023,2025-03-23 05:07:52,245
U032,S0018,2025-03-29 14:35:13,294
U035,S0093,2025-03-25 06:16:38,191
U032,S0039,2025-03-17 22:32:33,158
U036,S0073,2025-03-15 18:41:27,54
U026,S0013,2025-04-02 10:51:21,113
U004,S0028,2025-04-03 14:16:53,160
U031,S0081,2025-04-02 18:34:50,79
U029,S0096,2025-03-28 01:00:10,201
U017,S0047,2025-03-24 10:21:33,214
U036,S0072,2025-04-03 08:29:29,161
U023,S0003,2025-04-05 16:41:10,240
U008,S0045,2025-03-25 10:24:28,131
U037,S0074,2025-03-19 22:16:06,119
U050,S0037,2025-03-30 13:28:59,211
U021,S0087,2025-03-21 06:14:19,291
U032,S0100,2025-03-17 05:11:20,258
U006,S0049,2025-04-01 07:25:03,176
U030,S0081,2025-04-08 17:21:47,104
U011,S0082,2025-04-10 01:00:41,202
U027,S0081,2025-03-13 12:56:33,237
U005,S0011,2025-04-04 10:54:26,112
U022,S0030,2025-03-19 00:24:26,190
U021,S0084,2025-03-31 19:25:04,179
U046,S0035,2025-03-27 22:24:50,232
U018,S0057,2025-03-26 02:47:46,215
U048,S0076,2025-03-24 08:15:23,296
U029,S0053,2025-04-10 04:03:34,115
U012,S0003,2025-03-19 20:49:15,94
U047,S0031,2025-03-15 00:25:09,158
U048,S0090,2025-03-29 07:32:10,70
U014,S0022,2025-04-01 09:36:23,233
U007,S0013,2025-03-15 17:50:35,62
U031,S0071,2025-03-25 01:24:24,57
U002,S0099,2025-03-27 15:47:23,233
U034,S0098,2025-04-08 10:21:36,72
U007,S0034,2025-04-07 23:03:31,109
U006,S0084,2025-04-05 09:12:02,229
U020,S0030,2025-03-21 23:32:12,156
U048,S0037,2025-03-17 04:22:10,256
U041,S0017,2025-04-07 17:22:32,97
U034,S0022,2025-04-10 09:03:04,44
U003,S0085,2025-04-08 12:37:31,212
U021,S0061,2025-04-01 06:15:36,269
U035,S0035,2025-03-22 08:21:12,257
U009,S0090,2025-04-09 21:53:05,120
U038,S0077,2025-04-02 17:36:14,263
U041,S0096,2025-03-13 14:34:42,252
U034,S0082,2025-03-13 03:43:03,188
U023,S0062,2025-03-22 22:23:16,146
U006,S0057,2025-03-26 01:51:21,187
U024,S0053,2025-03-18 06:57:10,163
U010,S0039,2025-03-20 22:02:45,35
U001,S0067,2025-04-01 14:13:01,99
U023,S0037,2025-03-27 10:50:10,270
U035,S0002,2025-03-24 22:45:03,281
U049,S0062,2025-03-23 06:13:17,183
U001,S0099,2025-03-28 07:49:52,250
U019,S0077,2025-04-11 01:49:03,148
U001,S0071,2025-03-23 03:09:53,221
U013,S0053,2025-03-29 10:08:32,253
U026,S0032,2025-04-01 19:41:21,113
U046,S0095,2025-04-07 22:20:39,229
U025,S0029,2025-04-01 14:04:07,164
U006,S0055,2025-03-27 02:09:41,152
U034,S0098,2025-04-10 03:58:49,169
U019,S0084,2025-03-31 03:53:16,167
U027,S0025,2025-04-04 21:56:01,65
U012,S0018,2025-04-03 20:17:54,178
U008,S0082,2025-04-10 06:26:19,263
U040,S0058,2025-04-06 04:50:15,169
U045,S0080,2025-03-16 17:13:07,281
U013,S0042,2025-04-10 20:55:28,39
U010,S0007,2025-04-03 03:14:53,41
U012,S0014,2025-03-17 05:37:15,174
U018,S0017,2025-04-12 00:20:41,254
U047,S0002,2025-03-18 08:55:37,149
U006,S0020,2025-03-21 16:01:38,37
U032,S0028,2025-03-24 05:17:49,205
U027,S0040,2025-04-04 09:31:48,285
U024,S0060,2025-03-28 05:52:20,46
U022,S0011,2025-03-16 00:24:19,104
U004,S0035,2025-03-23 03:57:14,230
U005,S0070,2025-04-05 16:36:22,270
U012,S0025,2025-04-02 16:49:30,158
U025,S0002,2025-03-24 00:29:54,92
U050,S0092,2025-04-11 17:26:21,157
U025,S0099,2025-03-21 06:14:34,256
U016,S0095,2025-04-10 10:50:11,47
U013,S0059,2025-03-16 06:41:46,78
U034,S0086,2025-03-29 11:54:32,136
U031,S0050,2025-04-02 13:29:36,189
U021,S0021,2025-03-17 08:41:58,51
U048,S0071,2025-04-04 14:30:04,296
U008,S0033,2025-03-31 01:31:31,276
U041,S0039,2025-04-07 01:11:24,131
U024,S0007,2025-03-29 08:12:05,141
U008,S0031,2025-03-27 16:41:33,252
U021,S0002,2025-03-20 06:33:37,115
U018,S0075,2025-03-31 04:33:12,91
U026,S0032,2025-04-07 13:14:19,34
U003,S0075,2025-03-29 01:15:48,273
U045,S0077,2025-03-25 04:50:44,109
U024,S0099,2025-04-08 04:36:21,75
U016,S0021,2025-03-17 21:28:30,285
U006,S0088,2025-04-10 21:14:23,203
U049,S0081,2025-03-19 21:32:50,60
U004,S0046,2025-04-11 10:17:56,108
U045,S0069,2025-03-14 07:02:50,84
U009,S0063,2025-03-31 19:39:36,149
U021,S0072,2025-03-16 06:49:33,207
U029,S0094,2025-03-26 10:27:10,128
U002,S0089,2025-04-01 06:27:17,223
U023,S0093,2025-03-17 07:55:24,98
U017,S0006,2025-03-21 01:55:36,278
U046,S0057,2025-03-20 06:52:19,180
U035,S0090,2025-03-28 08:17:02,280
U013,S0073,2025-03-20 07:42:36,125
U035,S0045,2025-03-21 04:37:20,195
U047,S0060,2025-03-31 23:30:28,170
U039,S0071,2025-03-31 08:26:47,112
U005,S0068,2025-03-28 13:47:58,109
U029,S0038,2025-04-09 12:28:24,164
U035,S0047,2025-03-26 14:50:19,262
U001,S0100,2025-03-26 17:23:54,289
U025,S0094,2025-04-01 14:20:35,124
U002,S0080,2025-03-23 14:22:30,216
U050,S0080,2025-03-13 04:58:05,152
U021,S0093,2025-03-27 08:17:10,62
U043,S0069,2025-04-11 03:02:54,228
U013,S0068,2025-03-30 03:01:35,284
U050,S0071,2025-04-11 11:51:55,108
U040,S0037,2025-03-25 09:20:10,195
U027,S0083,2025-04-05 16:50:27,194
U008,S0013,2025-03-15 03:33:40,297
U043,S0009,2025-03-21 05:19:19,52
U009,S0023,2025-03-29 22:38:25,46
U013,S0014,2025-04-09 07:48:26,278
U013,S0013,2025-04-08 14:26:16,46
U037,S0083,2025-04-09 09:07:10,228
U043,S0063,2025-03-15 08:18:48,299
U040,S0090,2025-03-16 12:29:55,161
U004,S0047,2025-03-23 04:52:46,143
U039,S0092,2025-04-03 09:09:36,66
U001,S0027,2025-04-04 01:33:57,281
U006,S0060,2025-03-21 12:35:08,61
U024,S0072,2025-03-18 08:44:37,242
U024,S0091,2025-04-02 06:11:31,59
U040,S0035,2025-04-06 16:31:31,300
U003,S0094,2025-03-21 23:47:30,66
U020,S0010,2025-03-14 17:03:16,140
U034,S0013,2025-04-10 22:28:24,81
U047,S0030,2025-03-20 02:42:16,227
U013,S0025,2025-04-06 17:34:07,299
U043,S0032,2025-03-24 14:50:58,121
U036,S0096,2025-03-13 16:28:09,242
U048,S0014,2025-03-19 03:25:48,213
U044,S0059,2025-04-01 14:32:50,248
U007,S0022,2025-03-17 20:10:05,122
U036,S0052,2025-03-25 03:33:25,288
U022,S0085,2025-04-09 17:25:25,110
U035,S0077,2025-04-11 14:07:01,256
U023,S0041,2025-03-19 11:46:51,196
U024,S0053,2025-03-16 10:22:17,250
U047,S0042,2025-04-02 06:49:02,153
U037,S0070,2025-03-20 09:51:48,139
U025,S0099,2025-04-11 14:20:51,160
U024,S0058,2025-04-10 19:05:59,259
U026,S0001,2025-04-10 12:46:41,47
U019,S0077,2025-04-01 10:52:25,38
U034,S0018,2025-03-28 13:21:45,184
U001,S0039,2025-03-15 07:57:36,143
U014,S0041,2025-03-15 08:25:10,41
U050,S0089,2025-03-29 19:00:31,171
U036,S0066,2025-04-01 02:06:25,109
U007,S0005,2025-04-11 07:19:38,265
U023,S0020,2025-04-03 19:43:53,100
U017,S0047,2025-03-28 22:08:32,157
U015,S0033,2025-04-01 03:19:52,183
U006,S0074,2025-03-19 04:42:22,234
U037,S0028,2025-03-14 11:23:35,69
U047,S0042,2025-03-13 12:00:15,277
U012,S0063,2025-04-06 11:10:50,78
U039,S0083,2025-03-20 10:51:41,183
